League,Date,Team,Opponent,Location,PTS,MIN,FGM-A,FG%,3PM-A,3P%,FTM-A,FT%,OREB,DREB,REB,AST,STL,BLK,TO,PF,Points off Turnovers,2nd Chance Points,Points in the Paint,Fastbreak Points,Bench Points,Conference
MBB,2024-01-02,Carnegie Mellon,Ithaca,Home,69,200,27-66,40.90909090909091,5-30,16.666666666666668,10-15,66.66666666666667,13,34,47,15,4,6,13,15,11,7,38,10,24,False
MBB,2024-01-02,Ithaca,Carnegie Mellon,Away,73,200,24-72,33.333333333333336,12-29,41.37931034482759,13-18,72.22222222222223,17,28,45,15,5,0,9,16,11,13,22,4,21,False
MBB,2024-01-02,Johns Hopkins,Rochester,Home,72,200,24-59,40.67796610169491,10-23,43.47826086956522,14-17,82.3529411764706,13,31,44,12,11,7,17,16,17,9,28,12,25,False
MBB,2024-01-02,Rochester,Johns Hopkins,Away,53,200,20-59,33.898305084745765,4-14,28.571428571428573,9-14,64.28571428571429,12,24,36,7,7,5,18,13,14,7,28,12,37,False
MBB,2024-01-03,Brandeis,Regis (MA),Away,76,200,30-63,47.61904761904762,11-24,45.833333333333336,5-9,55.55555555555556,13,26,39,18,7,1,14,15,23,14,30,13,30,False
MBB,2024-01-03,Chris. Newport,Emory,Away,70,200,26-78,33.333333333333336,6-23,26.08695652173913,12-16,75.0,24,14,38,16,6,1,8,17,19,20,30,0,36,False
MBB,2024-01-03,Emory,Chris. Newport,Home,86,200,32-54,59.25925925925926,11-23,47.82608695652174,11-14,78.57142857142857,10,30,40,20,3,10,19,17,9,11,36,11,19,False
MBB,2024-01-03,Regis (MA),Brandeis,Home,59,200,23-50,46.0,5-14,35.714285714285715,8-12,66.66666666666667,4,23,27,10,6,1,15,9,8,4,28,3,8,False
MBB,2024-01-06,Brandeis,NYU,Away,52,200,19-51,37.25490196078432,7-19,36.8421052631579,7-8,87.5,5,22,27,11,9,5,17,11,12,2,22,6,24,True
MBB,2024-01-06,Carnegie Mellon,Case Western,Home,84,200,29-79,36.70886075949367,8-29,27.58620689655172,18-23,78.26086956521739,23,33,56,9,3,5,8,15,7,21,32,4,29,True
MBB,2024-01-06,Case Western,Carnegie Mellon,Away,74,200,27-68,39.70588235294117,7-30,23.33333333333333,13-20,65.0,12,30,42,10,2,3,10,20,14,7,34,0,21,True
MBB,2024-01-06,Chicago,WashU,Home,69,200,25-53,47.16981132075472,7-19,36.8421052631579,12-13,92.3076923076923,8,29,37,11,0,5,15,15,12,10,24,10,21,True
MBB,2024-01-06,Emory,Rochester,Away,77,200,29-72,40.27777777777778,7-32,21.875,12-18,66.66666666666667,12,24,36,11,11,4,12,17,17,10,42,18,10,True
MBB,2024-01-06,NYU,Brandeis,Home,70,200,28-63,44.44444444444444,6-20,30.0,8-9,88.88888888888889,13,27,40,19,9,2,13,7,19,9,44,12,14,True
MBB,2024-01-06,Rochester,Emory,Home,79,200,32-69,46.3768115942029,7-21,33.333333333333336,8-15,53.333333333333336,16,33,49,15,8,4,22,15,10,13,46,5,22,True
MBB,2024-01-06,WashU,Chicago,Away,68,200,26-61,42.62295081967213,7-19,36.8421052631579,9-17,52.94117647058823,11,20,31,13,10,1,8,13,23,17,38,7,18,True
MBB,2024-01-12,Brandeis,Carnegie Mellon,Away,78,200,33-62,53.2258064516129,5-19,26.31578947368421,7-16,43.75,9,32,41,10,5,3,13,22,11,11,50,10,29,True
MBB,2024-01-12,Carnegie Mellon,Brandeis,Home,61,200,20-61,32.78688524590164,3-13,23.07692307692308,18-27,66.66666666666667,15,26,41,4,10,3,13,17,11,19,24,0,22,True
MBB,2024-01-12,Case Western,NYU,Home,94,200,35-66,53.03030303030303,15-31,48.38709677419355,9-11,81.81818181818181,13,22,35,20,2,2,8,15,12,19,32,2,24,True
MBB,2024-01-12,Chicago,Rochester,Home,61,200,21-66,31.818181818181817,6-25,24.0,13-17,76.47058823529412,14,29,43,10,5,5,11,17,12,16,20,11,22,True
MBB,2024-01-12,Emory,WashU,Away,81,200,30-72,41.66666666666666,9-33,27.27272727272728,12-20,60.0,14,30,44,10,9,4,20,18,16,14,40,10,12,True
MBB,2024-01-12,NYU,Case Western,Away,76,200,29-56,51.785714285714285,9-24,37.5,9-17,52.94117647058823,8,19,27,7,5,2,11,13,13,14,32,7,21,True
MBB,2024-01-12,Rochester,Chicago,Away,68,200,23-62,37.096774193548384,6-16,37.5,16-22,72.72727272727273,13,32,45,7,5,5,12,18,11,14,32,10,14,True
MBB,2024-01-12,WashU,Emory,Home,85,200,28-69,40.57971014492754,11-34,32.35294117647059,18-28,64.28571428571429,13,30,43,18,13,2,21,16,23,20,30,11,31,True
MBB,2024-01-14,Brandeis,Case Western,Away,76,200,30-59,50.84745762711864,7-17,41.1764705882353,9-15,60.0,11,19,30,8,5,3,8,17,5,11,38,2,36,True
MBB,2024-01-14,Carnegie Mellon,NYU,Home,82,200,30-65,46.15384615384615,9-27,33.333333333333336,13-17,76.47058823529412,12,30,42,12,4,2,12,13,12,8,34,5,41,True
MBB,2024-01-14,Case Western,Brandeis,Home,77,200,28-58,48.27586206896552,7-22,31.818181818181817,14-19,73.6842105263158,14,19,33,15,2,6,6,12,9,10,36,4,25,True
MBB,2024-01-14,Chicago,Emory,Home,72,200,27-66,40.90909090909091,9-32,28.125,9-11,81.81818181818181,11,24,35,13,7,3,12,11,13,19,26,8,20,True
MBB,2024-01-14,Emory,Chicago,Away,84,200,32-62,51.61290322580645,11-26,42.30769230769231,9-11,81.81818181818181,7,29,36,15,7,2,11,15,14,8,26,11,8,True
MBB,2024-01-14,NYU,Carnegie Mellon,Away,77,200,27-60,45.0,10-26,38.46153846153846,13-15,86.66666666666667,3,26,29,17,6,2,9,18,9,2,30,14,12,True
MBB,2024-01-14,Rochester,WashU,Away,79,225,33-72,45.833333333333336,8-22,36.36363636363637,5-8,62.5,8,26,34,14,7,3,12,14,12,16,50,6,25,True
MBB,2024-01-14,WashU,Rochester,Home,80,225,31-66,46.96969696969697,6-19,31.57894736842105,12-17,70.58823529411765,9,28,37,12,6,5,12,12,18,15,48,11,19,True
MBB,2024-01-19,Brandeis,Chicago,Home,55,197,18-59,30.508474576271187,10-25,40.0,9-16,56.25,13,18,31,13,6,4,10,14,10,9,14,0,19,True
MBB,2024-01-19,Carnegie Mellon,Rochester,Away,70,200,26-68,38.23529411764706,6-25,24.0,12-14,85.71428571428571,16,31,47,13,7,4,12,15,17,18,38,8,19,True
MBB,2024-01-19,Case Western,Emory,Away,90,200,30-69,43.47826086956522,13-30,43.333333333333336,17-25,68.0,18,27,45,14,5,4,14,18,15,15,28,11,41,True
MBB,2024-01-19,Chicago,Brandeis,Away,72,203,26-46,56.52173913043478,5-14,35.714285714285715,15-19,78.94736842105263,5,30,35,20,5,4,12,15,10,8,36,0,20,True
MBB,2024-01-19,Emory,Case Western,Home,86,200,29-72,40.27777777777778,6-23,26.08695652173913,22-31,70.96774193548387,19,25,44,16,9,8,9,17,14,17,44,15,2,True
MBB,2024-01-19,NYU,WashU,Home,65,200,27-59,45.76271186440678,9-25,36.0,2-7,28.571428571428573,9,27,36,14,6,6,11,13,12,10,30,6,11,True
MBB,2024-01-19,Rochester,Carnegie Mellon,Home,66,200,25-67,37.3134328358209,7-25,28.0,9-16,56.25,15,28,43,7,5,5,12,11,12,7,32,13,16,True
MBB,2024-01-19,WashU,NYU,Away,64,200,24-64,37.5,9-26,34.61538461538461,7-9,77.77777777777777,15,26,41,13,9,5,13,12,16,17,28,11,8,True
MBB,2024-01-21,Brandeis,WashU,Home,59,201,23-64,35.9375,6-22,27.27272727272728,7-12,58.333333333333336,14,27,41,12,8,5,12,14,17,15,24,0,23,True
MBB,2024-01-21,Carnegie Mellon,Emory,Away,84,200,33-71,46.478873239436616,7-22,31.818181818181817,11-18,61.11111111111112,10,33,43,19,3,2,10,22,7,9,50,4,21,True
MBB,2024-01-21,Case Western,Rochester,Away,75,200,24-54,44.44444444444444,7-24,29.166666666666668,20-24,83.33333333333333,10,25,35,12,9,6,14,14,12,12,34,2,37,True
MBB,2024-01-21,Chicago,NYU,Away,77,225,30-68,44.11764705882353,9-34,26.47058823529412,8-11,72.72727272727273,7,26,33,21,4,6,9,18,7,5,32,6,11,True
MBB,2024-01-21,Emory,Carnegie Mellon,Home,90,200,28-65,43.07692307692308,9-32,28.125,25-31,80.64516129032258,7,32,39,18,7,4,6,15,16,12,34,24,18,True
MBB,2024-01-21,NYU,Chicago,Home,83,225,28-62,45.16129032258065,5-20,25.0,22-26,84.61538461538461,9,30,39,12,7,0,9,13,10,8,36,8,7,True
MBB,2024-01-21,Rochester,Case Western,Home,73,200,27-59,45.76271186440678,8-20,40.0,11-16,68.75,9,22,31,16,7,4,12,17,17,10,36,10,11,True
MBB,2024-01-21,WashU,Brandeis,Away,54,199,22-57,38.59649122807018,5-25,20.0,5-8,62.5,8,28,36,12,5,0,16,14,9,7,24,0,4,True
MBB,2024-01-26,Brandeis,Emory,Home,65,200,23-68,33.8235294117647,7-29,24.13793103448276,12-17,70.58823529411765,12,29,41,15,9,3,11,12,8,6,18,0,27,True
MBB,2024-01-26,Carnegie Mellon,WashU,Away,87,200,33-69,47.82608695652174,8-25,32.0,13-17,76.47058823529412,7,23,30,10,3,0,4,14,11,3,40,7,23,True
MBB,2024-01-26,Case Western,Chicago,Away,75,200,29-72,40.27777777777778,12-32,37.5,5-10,50.0,15,24,39,13,6,4,8,10,13,19,30,9,24,True
MBB,2024-01-26,Chicago,Case Western,Home,85,200,32-60,53.333333333333336,11-25,44.0,10-12,83.33333333333333,5,31,36,19,4,3,10,12,12,5,24,14,18,True
MBB,2024-01-26,Emory,Brandeis,Away,78,200,30-68,44.11764705882353,8-30,26.666666666666668,10-14,71.42857142857143,10,34,44,15,4,5,12,15,12,10,30,0,11,True
MBB,2024-01-26,NYU,Rochester,Home,80,200,25-56,44.642857142857146,6-19,31.57894736842105,24-27,88.88888888888889,7,32,39,14,8,2,13,11,16,4,34,9,10,True
MBB,2024-01-26,Rochester,NYU,Away,73,200,26-59,44.067796610169495,12-30,40.0,9-15,60.0,4,25,29,15,6,3,13,21,14,1,26,14,20,True
MBB,2024-01-26,WashU,Carnegie Mellon,Home,95,200,38-71,53.52112676056338,11-24,45.833333333333336,8-11,72.72727272727273,7,30,37,15,2,0,7,11,2,13,50,8,29,True
MBB,2024-01-28,Brandeis,Rochester,Home,52,199,17-57,29.82456140350877,7-23,30.43478260869565,11-16,68.75,8,24,32,6,11,6,13,10,20,9,18,0,33,True
MBB,2024-01-28,Carnegie Mellon,Chicago,Away,75,200,28-67,41.791044776119406,8-22,36.36363636363637,11-14,78.57142857142857,11,25,36,11,4,1,11,14,8,16,34,6,26,True
MBB,2024-01-28,Case Western,WashU,Away,86,225,34-74,45.94594594594594,11-32,34.375,7-10,70.0,12,15,27,12,5,1,9,19,16,21,36,0,22,True
MBB,2024-01-28,Chicago,Carnegie Mellon,Home,84,200,33-68,48.52941176470589,10-29,34.48275862068966,8-12,66.66666666666667,11,29,40,21,7,6,10,15,17,7,34,21,18,True
MBB,2024-01-28,Emory,NYU,Away,77,200,28-76,36.8421052631579,13-39,33.333333333333336,8-9,88.88888888888889,14,25,39,19,8,4,9,15,8,17,28,5,19,True
MBB,2024-01-28,NYU,Emory,Home,86,200,31-62,50.0,11-26,42.30769230769231,13-17,76.47058823529412,9,34,43,21,8,3,12,10,7,6,38,10,5,True
MBB,2024-01-28,Rochester,Brandeis,Away,61,200,24-51,47.05882352941177,8-15,53.333333333333336,5-8,62.5,5,31,36,15,8,4,19,11,14,6,30,0,6,True
MBB,2024-01-28,WashU,Case Western,Home,87,225,31-64,48.4375,8-26,30.76923076923077,17-28,60.71428571428572,11,25,36,13,4,7,11,12,13,12,46,9,21,True
MBB,2024-02-02,Brandeis,Emory,Away,71,200,21-64,32.8125,11-28,39.285714285714285,18-23,78.26086956521739,9,31,40,12,9,4,10,20,24,12,18,18,36,True
MBB,2024-02-02,Carnegie Mellon,WashU,Home,79,200,30-58,51.72413793103448,9-19,47.36842105263158,10-20,50.0,9,29,38,16,6,4,14,17,10,4,36,7,19,True
MBB,2024-02-02,Case Western,Chicago,Home,81,200,28-54,51.851851851851855,8-18,44.44444444444444,17-19,89.47368421052632,8,27,35,12,4,7,11,13,11,9,40,11,16,True
MBB,2024-02-02,Chicago,Case Western,Away,70,200,26-71,36.61971830985915,5-21,23.80952380952381,13-16,81.25,20,18,38,12,4,4,6,13,15,21,36,6,8,True
MBB,2024-02-02,Emory,Brandeis,Home,69,200,24-70,34.285714285714285,5-28,17.857142857142858,16-20,80.0,19,37,56,11,9,7,17,20,12,20,36,22,10,True
MBB,2024-02-02,NYU,Rochester,Away,81,200,30-60,50.0,6-23,26.08695652173913,15-18,83.33333333333333,5,31,36,10,5,0,8,17,11,6,44,11,8,True
MBB,2024-02-02,Rochester,NYU,Home,76,200,25-65,38.46153846153846,9-30,30.0,17-23,73.91304347826087,11,26,37,16,2,1,7,14,5,13,24,6,26,True
MBB,2024-02-02,WashU,Carnegie Mellon,Away,73,200,27-70,38.57142857142857,9-30,30.0,10-16,62.5,16,24,40,14,5,0,10,16,21,8,36,6,15,True
MBB,2024-02-04,Brandeis,Rochester,Away,75,200,27-60,45.0,7-23,30.43478260869565,14-21,66.66666666666667,9,19,28,7,12,1,8,20,34,13,32,12,28,True
MBB,2024-02-04,Carnegie Mellon,Chicago,Home,69,200,28-68,41.1764705882353,5-19,26.31578947368421,8-12,66.66666666666667,12,20,32,13,2,5,6,14,12,10,40,0,29,True
MBB,2024-02-04,Case Western,WashU,Home,74,200,24-67,35.82089552238806,9-32,28.125,17-22,77.27272727272727,11,31,42,14,10,6,6,14,27,18,22,7,23,True
MBB,2024-02-04,Chicago,Carnegie Mellon,Away,99,200,38-69,55.072463768115945,12-26,46.15384615384615,11-13,84.61538461538461,13,29,42,16,4,5,6,10,15,21,42,2,27,True
MBB,2024-02-04,Emory,NYU,Home,78,200,29-61,47.540983606557376,10-28,35.714285714285715,10-16,62.5,12,24,36,16,8,3,11,18,16,11,26,3,17,True
MBB,2024-02-04,NYU,Emory,Away,81,200,22-57,38.59649122807018,11-33,33.333333333333336,26-32,81.25,12,23,35,14,8,1,10,15,15,16,16,6,6,True
MBB,2024-02-04,Rochester,Brandeis,Home,72,200,25-48,52.083333333333336,5-18,27.77777777777778,17-24,70.83333333333333,8,26,34,13,2,1,19,18,9,14,38,10,25,True
MBB,2024-02-04,WashU,Case Western,Away,59,200,20-64,31.25,9-30,30.0,10-11,90.9090909090909,13,34,47,14,5,4,17,19,14,2,22,19,14,True
MBB,2024-02-09,Brandeis,Carnegie Mellon,Home,77,201,27-57,47.36842105263158,9-25,36.0,14-18,77.77777777777777,9,16,25,19,9,4,10,18,14,11,30,3,20,True
MBB,2024-02-09,Carnegie Mellon,Brandeis,Away,80,201,30-57,52.63157894736842,7-19,36.8421052631579,13-16,81.25,10,21,31,11,9,2,13,15,17,11,42,0,17,True
MBB,2024-02-09,Case Western,NYU,Away,80,200,27-69,39.130434782608695,13-37,35.13513513513514,13-15,86.66666666666667,9,26,35,17,7,3,9,20,8,12,26,7,34,True
MBB,2024-02-09,Chicago,Rochester,Away,74,200,32-66,48.48484848484848,6-19,31.57894736842105,4-5,80.0,9,25,34,10,3,1,11,15,11,14,42,5,13,True
MBB,2024-02-09,Emory,WashU,Home,89,200,28-55,50.90909090909091,10-20,50.0,23-27,85.18518518518519,3,24,27,13,9,9,8,12,16,6,32,16,8,True
MBB,2024-02-09,NYU,Case Western,Home,93,200,30-60,50.0,14-24,58.333333333333336,19-23,82.6086956521739,5,31,36,16,7,1,10,14,15,8,30,11,34,True
MBB,2024-02-09,Rochester,Chicago,Home,76,200,29-57,50.87719298245614,8-21,38.095238095238095,10-13,76.92307692307692,6,26,32,21,7,3,12,12,8,12,34,6,48,True
MBB,2024-02-09,WashU,Emory,Away,76,200,30-61,49.18032786885246,7-21,33.333333333333336,9-10,90.0,8,25,33,15,4,3,15,16,11,6,36,0,19,True
MBB,2024-02-11,Brandeis,Case Western,Home,70,200,24-57,42.10526315789474,8-22,36.36363636363637,14-15,93.33333333333331,4,28,32,14,3,3,5,18,4,5,18,0,14,True
MBB,2024-02-11,Carnegie Mellon,NYU,Away,83,200,30-59,50.84745762711864,11-23,47.82608695652174,12-17,70.58823529411765,8,26,34,16,9,7,13,15,13,11,34,9,17,True
MBB,2024-02-11,Case Western,Brandeis,Away,78,200,27-58,46.55172413793103,13-30,43.333333333333336,11-21,52.38095238095238,10,29,39,20,5,2,5,15,3,12,26,0,30,True
MBB,2024-02-11,Chicago,Emory,Away,82,200,29-64,45.3125,11-24,45.833333333333336,13-18,72.22222222222223,11,26,37,17,4,2,8,17,2,16,30,0,23,True
MBB,2024-02-11,Emory,Chicago,Home,88,200,33-66,50.0,7-21,33.333333333333336,15-21,71.42857142857143,10,28,38,16,5,3,7,17,6,9,46,20,21,True
MBB,2024-02-11,NYU,Carnegie Mellon,Home,80,200,32-67,47.76119402985075,8-22,36.36363636363637,8-11,72.72727272727273,10,25,35,13,10,1,11,14,14,10,42,11,17,True
MBB,2024-02-11,Rochester,WashU,Home,61,200,24-80,30.0,4-29,13.79310344827586,9-15,60.0,15,27,42,7,9,3,6,12,16,8,36,14,43,True
MBB,2024-02-11,Rochester,Washington-St. Louis,Home,61,200,24-80,30.0,4-29,13.79310344827586,9-15,60.0,15,27,42,7,9,3,6,12,16,8,36,14,43,False
MBB,2024-02-11,WashU,Rochester,Away,75,200,28-72,38.888888888888886,7-23,30.43478260869565,12-15,80.0,19,44,63,13,4,4,18,15,4,21,38,7,11,True
MBB,2024-02-11,Washington-St. Louis,Rochester,Away,75,200,28-72,38.888888888888886,7-23,30.43478260869565,12-15,80.0,19,44,63,13,4,4,18,15,4,21,38,7,11,False
MBB,2024-02-16,Brandeis,Chicago,Away,76,200,26-56,46.42857142857143,10-25,40.0,14-18,77.77777777777777,9,20,29,13,6,2,5,16,16,9,22,15,8,True
MBB,2024-02-16,Carnegie Mellon,Rochester,Home,87,225,31-81,38.27160493827161,9-28,32.142857142857146,16-19,84.21052631578948,11,41,52,13,8,8,5,13,23,16,40,2,14,True
MBB,2024-02-16,Case Western,Emory,Home,86,200,30-64,46.875,11-27,40.74074074074074,15-19,78.94736842105263,10,25,35,17,2,6,11,18,15,3,32,5,20,True
MBB,2024-02-16,Chicago,Brandeis,Home,71,200,24-50,48.0,10-24,41.66666666666666,13-19,68.42105263157895,10,21,31,11,3,0,13,13,5,8,18,9,11,True
MBB,2024-02-16,Emory,Case Western,Away,85,200,30-65,46.15384615384615,6-22,27.27272727272728,19-24,79.16666666666667,13,25,38,7,5,9,9,17,24,14,38,14,18,True
MBB,2024-02-16,NYU,WashU,Away,61,200,24-63,38.095238095238095,7-27,25.925925925925927,6-6,100.0,2,25,27,2,5,2,4,17,7,4,34,6,4,True
MBB,2024-02-16,Rochester,Carnegie Mellon,Away,70,225,27-74,36.48648648648648,8-22,36.36363636363637,8-13,61.53846153846154,8,40,48,9,4,7,14,16,7,9,34,4,10,True
MBB,2024-02-16,WashU,NYU,Home,72,200,26-61,42.62295081967213,9-25,36.0,11-13,84.61538461538461,8,35,43,10,3,3,10,7,5,7,32,11,15,True
MBB,2024-02-18,Brandeis,WashU,Away,53,200,20-53,37.735849056603776,4-18,22.22222222222222,9-16,56.25,6,25,31,4,5,2,8,12,12,12,30,10,24,True
MBB,2024-02-18,Carnegie Mellon,Emory,Home,71,200,26-65,40.0,6-20,30.0,13-18,72.22222222222223,9,30,39,12,9,7,13,15,13,11,36,0,20,True
MBB,2024-02-18,Case Western,Rochester,Home,99,200,37-68,54.41176470588236,9-25,36.0,16-23,69.56521739130434,5,36,41,20,5,5,3,18,11,7,48,17,44,True
MBB,2024-02-18,Chicago,NYU,Home,61,200,21-61,34.42622950819672,6-28,21.428571428571427,13-15,86.66666666666667,12,23,35,7,5,5,8,13,8,19,18,8,9,True
MBB,2024-02-18,Emory,Carnegie Mellon,Away,68,200,21-69,30.43478260869565,9-27,33.333333333333336,17-21,80.95238095238095,19,34,53,9,7,4,16,16,7,21,24,0,22,True
MBB,2024-02-18,NYU,Chicago,Away,73,200,29-59,49.15254237288136,8-21,38.095238095238095,7-11,63.63636363636363,10,30,40,14,6,3,10,16,15,13,40,2,21,True
MBB,2024-02-18,Rochester,Case Western,Away,70,200,26-63,41.26984126984127,4-19,21.05263157894737,14-22,63.63636363636363,5,31,36,8,1,3,6,16,4,2,42,15,15,True
MBB,2024-02-18,WashU,Brandeis,Home,56,200,21-60,35.0,8-27,29.62962962962963,6-12,50.0,14,31,45,13,3,0,13,11,7,14,24,4,12,True
MBB,2024-02-2023,Emory,Rochester,Home,79,200,31-71,43.66197183098591,9-25,36.0,8-11,72.72727272727273,18,30,48,12,4,13,12,11,9,23,42,6,37,True
MBB,2024-02-2023,Rochester,Emory,Away,76,200,27-73,36.98630136986301,13-33,39.39393939393939,9-10,90.0,16,24,40,16,8,5,7,14,16,15,28,10,18,True
MBB,2024-02-23,Emory,Rochester,Home,79,200,31-71,43.66197183098591,9-25,36.0,8-11,72.72727272727273,18,30,48,12,4,13,12,11,9,23,42,6,37,True
MBB,2024-02-23,Rochester,Emory,Away,76,200,27-73,36.98630136986301,13-33,39.39393939393939,9-10,90.0,16,24,40,16,8,5,7,14,16,15,28,10,18,True
MBB,2024-02-24,Brandeis,NYU,Home,68,200,23-63,36.507936507936506,9-24,37.5,13-16,81.25,7,24,31,15,6,3,7,14,12,10,20,0,27,True
MBB,2024-02-24,Carnegie Mellon,Case Western,Away,75,200,30-67,44.776119402985074,8-24,33.333333333333336,7-11,63.63636363636363,9,27,36,13,11,4,10,15,15,15,40,13,13,True
MBB,2024-02-24,Case Western,Carnegie Mellon,Home,76,200,23-57,40.35087719298246,13-36,36.11111111111112,17-24,70.83333333333333,8,30,38,9,7,4,13,9,11,8,16,5,40,True
MBB,2024-02-24,Chicago,WashU,Away,58,200,25-53,47.16981132075472,5-21,23.80952380952381,3-3,100.0,8,21,29,8,6,1,14,10,7,9,30,3,4,True
MBB,2024-02-24,NYU,Brandeis,Away,74,200,26-54,48.14814814814815,13-31,41.935483870967744,9-15,60.0,9,33,42,20,5,4,13,13,3,16,20,0,19,True
MBB,2024-02-24,WashU,Chicago,Home,61,200,24-59,40.67796610169491,8-25,32.0,5-8,62.5,10,19,29,13,7,3,9,8,12,16,26,4,19,True
MBB,2023-11-08,Carnegie Mellon,La Roche,Away,92,200,35-55,63.63636363636363,10-18,55.55555555555556,12-16,75.0,6,28,34,20,6,4,20,22,18,12,50,8,27,False
MBB,2023-11-08,La Roche,Carnegie Mellon,Home,69,200,24-63,38.095238095238095,4-23,17.391304347826086,17-22,77.27272727272727,11,12,23,7,11,0,12,15,19,13,28,12,18,False
MBB,2023-11-08,Manhattanville,NYU,Away,60,200,22-65,33.84615384615385,7-23,30.43478260869565,9-12,75.0,4,26,30,10,3,1,9,12,11,4,24,14,9,False
MBB,2023-11-08,NYU,Manhattanville,Home,77,200,30-68,44.11764705882353,7-25,28.0,10-13,76.92307692307692,14,39,53,17,8,4,15,14,8,15,46,10,16,False
MBB,2023-11-10,Carnegie Mellon,Whitworth,Away,89,200,31-61,50.81967213114754,11-25,44.0,16-23,69.56521739130434,7,39,46,16,2,5,14,15,7,2,30,4,16,False
MBB,2023-11-10,Case Western,Pitt.-Bradford,Home,104,200,35-72,48.61111111111112,16-36,44.44444444444444,18-21,85.71428571428571,19,33,52,22,5,8,17,13,13,18,32,11,55,False
MBB,2023-11-10,Pitt.-Bradford,Case Western,Away,73,200,24-63,38.095238095238095,9-24,37.5,16-20,80.0,6,20,26,4,12,5,11,12,16,3,24,8,26,False
MBB,2023-11-10,Rochester,Wooster,Home,60,200,21-58,36.206896551724135,4-19,21.05263157894737,14-17,82.3529411764706,9,20,29,7,7,3,13,22,23,8,32,4,16,False
MBB,2023-11-10,Whitworth,Carnegie Mellon,Home,82,200,31-73,42.465753424657535,10-28,35.714285714285715,10-15,66.66666666666667,6,27,33,15,8,1,7,21,19,5,38,9,20,False
MBB,2023-11-10,Wooster,Rochester,Away,78,200,27-54,50.0,8-16,50.0,16-25,64.0,13,31,44,8,10,1,18,21,10,11,38,3,13,False
MBB,2023-11-11,Brandeis,Mass.-Dartmouth,Home,86,200,29-58,50.0,7-19,36.8421052631579,21-29,72.41379310344827,7,25,32,20,10,1,15,21,50,5,36,0,32,False
MBB,2023-11-11,Caltech,Chicago,Away,48,200,18-58,31.03448275862069,6-20,30.0,6-8,75.0,7,25,32,6,2,1,13,14,2,7,10,2,18,False
MBB,2023-11-11,Case Western,Eastern,Home,82,200,27-58,46.55172413793103,7-25,28.0,21-25,84.0,15,32,47,13,3,8,18,13,7,19,38,3,46,False
MBB,2023-11-11,Chicago,Caltech,Home,88,200,33-67,49.25373134328358,13-34,38.23529411764706,9-12,75.0,11,32,43,19,6,4,5,14,16,11,32,11,33,False
MBB,2023-11-11,Eastern,Case Western,Away,72,200,26-75,34.666666666666664,5-18,27.77777777777778,15-19,78.94736842105263,18,18,36,9,14,3,7,15,21,13,38,18,13,False
MBB,2023-11-11,Johns Hopkins,NYU,Away,67,200,26-61,42.62295081967213,8-23,34.78260869565217,7-12,58.333333333333336,13,19,32,10,8,3,10,15,12,11,26,6,11,False
MBB,2023-11-11,Maryville (TN),Rochester,Away,66,200,22-60,36.66666666666666,3-14,21.428571428571427,19-27,70.37037037037037,10,23,33,8,11,1,14,24,17,8,30,7,23,False
MBB,2023-11-11,Mass.-Dartmouth,Brandeis,Away,77,200,27-64,42.1875,5-17,29.41176470588235,18-23,78.26086956521739,13,28,41,9,7,3,16,24,45,19,30,0,8,False
MBB,2023-11-11,NYU,Johns Hopkins,Home,71,200,26-53,49.0566037735849,7-12,58.333333333333336,12-18,66.66666666666667,12,25,37,11,5,4,15,17,8,12,28,5,24,False
MBB,2023-11-11,Rochester,Maryville (TN),Home,87,200,28-58,48.27586206896552,10-25,40.0,21-32,65.625,13,33,46,16,7,7,14,19,19,18,36,9,37,False
MBB,2023-11-11,Swarthmore,WashU,Away,56,200,24-63,38.095238095238095,6-19,31.57894736842105,2-3,66.66666666666667,10,17,27,10,5,1,13,11,16,11,30,4,13,False
MBB,2023-11-11,WashU,Swarthmore,Home,76,200,31-54,57.407407407407405,4-18,22.22222222222222,10-12,83.33333333333333,7,29,36,14,7,7,14,9,15,4,50,14,12,False
MBB,2023-11-12,Carnegie Mellon,Whitman,Away,86,200,35-67,52.23880597014925,4-16,25.0,12-17,70.58823529411765,6,25,31,13,8,4,9,17,11,8,48,16,9,False
MBB,2023-11-12,Chicago,IIT,Home,80,200,29-53,54.71698113207548,10-23,43.47826086956522,12-20,60.0,9,23,32,15,6,4,13,12,16,9,28,8,26,False
MBB,2023-11-12,Emory,Piedmont,Away,91,200,30-73,41.0958904109589,13-38,34.21052631578947,18-32,56.25,23,33,56,21,8,3,16,20,15,13,30,20,18,False
MBB,2023-11-12,IIT,Chicago,Away,71,200,29-60,48.333333333333336,7-21,33.333333333333336,6-8,75.0,9,19,28,6,6,2,12,17,16,9,32,14,32,False
MBB,2023-11-12,Johns Hopkins,WashU,Away,61,200,26-65,40.0,7-28,25.0,2-6,33.333333333333336,16,27,43,14,4,5,14,12,12,21,34,2,15,False
MBB,2023-11-12,NYU,Swarthmore,Home,70,200,26-58,44.82758620689656,12-21,57.142857142857146,6-9,66.66666666666667,8,26,34,13,2,6,12,11,6,9,28,10,17,False
MBB,2023-11-12,Piedmont,Emory,Home,83,200,25-72,34.72222222222222,10-26,38.46153846153846,23-31,74.19354838709677,20,27,47,13,10,1,12,24,17,11,26,16,28,False
MBB,2023-11-12,Swarthmore,NYU,Away,71,200,29-69,42.028985507246375,8-25,32.0,5-9,55.55555555555556,17,27,44,13,4,3,11,13,17,15,28,5,23,False
MBB,2023-11-12,WashU,Johns Hopkins,Home,67,200,24-58,41.37931034482759,9-23,39.130434782608695,10-16,62.5,12,25,37,12,11,3,10,12,13,10,28,13,18,False
MBB,2023-11-12,Whitman,Carnegie Mellon,Home,75,200,27-69,39.130434782608695,6-27,22.22222222222222,15-15,100.0,12,24,36,13,4,3,16,16,11,10,40,10,14,False
MBB,2023-11-15,Case Western,La Roche,Away,78,200,28-73,38.35616438356164,11-31,35.483870967741936,11-14,78.57142857142857,22,29,51,16,6,5,9,16,10,18,30,13,28,False
MBB,2023-11-15,Chicago,Edgewood,Away,89,200,35-58,60.3448275862069,13-22,59.09090909090909,6-11,54.54545454545455,7,29,36,17,4,3,10,11,23,3,38,10,40,False
MBB,2023-11-15,Edgewood,Chicago,Home,52,200,18-55,32.72727272727273,5-19,26.31578947368421,11-15,73.33333333333333,9,19,28,10,7,4,12,14,9,8,20,2,20,False
MBB,2023-11-15,La Roche,Case Western,Home,58,200,21-63,33.333333333333336,7-27,25.925925925925927,9-14,64.28571428571429,9,20,29,8,4,3,8,12,7,9,18,4,21,False
MBB,2023-11-16,Nazareth,Rochester,Away,66,200,27-65,41.53846153846154,6-20,30.0,6-8,75.0,10,22,32,8,6,3,10,16,10,5,36,8,20,False
MBB,2023-11-16,Rochester,Nazareth,Home,83,200,29-52,55.76923076923077,9-17,52.94117647058823,16-23,69.56521739130434,7,25,32,17,4,7,11,10,10,11,32,8,22,False
MBB,2023-11-17,Babson,WashU,Away,85,225,33-73,45.2054794520548,10-28,35.714285714285715,9-12,75.0,8,25,33,15,6,3,8,24,15,7,34,13,11,False
MBB,2023-11-17,WashU,Babson,Home,90,225,31-71,43.66197183098591,4-19,21.05263157894737,24-38,63.1578947368421,20,31,51,13,4,1,12,12,9,23,50,8,8,False
MBB,2023-11-18,Brandeis,Rivier,Away,56,200,20-56,35.714285714285715,5-19,26.31578947368421,11-14,78.57142857142857,12,20,32,6,7,4,21,17,16,11,28,10,20,False
MBB,2023-11-18,Carnegie Mellon,Penn St.-Behrend,Away,77,200,26-53,49.0566037735849,7-23,30.43478260869565,18-22,81.81818181818181,11,30,41,8,1,4,17,23,7,16,36,0,20,False
MBB,2023-11-18,Case Western,Denison,Away,80,225,26-55,47.27272727272727,6-25,24.0,22-30,73.33333333333333,10,31,41,8,3,5,16,23,8,11,38,8,13,False
MBB,2023-11-18,Chicago,Lake Forest,Away,75,200,31-69,44.927536231884055,5-26,19.23076923076923,8-10,80.0,11,21,32,6,6,1,8,18,12,13,30,4,22,False
MBB,2023-11-18,Denison,Case Western,Home,74,225,26-64,40.625,9-29,31.03448275862069,13-26,50.0,13,24,37,17,10,0,9,23,15,11,30,11,24,False
MBB,2023-11-18,Emory,Guilford,Away,80,225,26-64,40.625,10-34,29.41176470588235,18-26,69.23076923076923,12,26,38,16,14,1,20,21,25,13,28,18,15,False
MBB,2023-11-18,Guilford,Emory,Home,83,225,25-54,46.2962962962963,9-21,42.85714285714285,24-29,82.75862068965517,4,28,32,15,12,1,19,23,20,4,20,4,13,False
MBB,2023-11-18,Hanover,WashU,Away,62,200,22-63,34.92063492063492,9-32,28.125,9-12,75.0,7,21,28,10,1,0,7,16,8,14,24,3,20,False
MBB,2023-11-18,Lake Forest,Chicago,Home,89,200,32-55,58.18181818181818,8-19,42.10526315789474,17-25,68.0,8,24,32,14,5,0,13,16,12,9,26,14,7,False
MBB,2023-11-18,NYU,Yeshiva,Away,97,200,39-66,59.09090909090909,16-27,59.25925925925926,3-4,75.0,9,30,39,23,9,2,16,16,26,14,36,9,16,False
MBB,2023-11-18,Penn St.-Behrend,Carnegie Mellon,Home,87,200,28-60,46.66666666666666,10-30,33.333333333333336,21-27,77.77777777777777,8,18,26,13,8,1,5,15,18,16,34,6,15,False
MBB,2023-11-18,Rivier,Brandeis,Home,73,200,26-58,44.82758620689656,10-22,45.45454545454545,11-14,78.57142857142857,8,21,29,17,14,3,17,16,17,8,24,12,14,False
MBB,2023-11-18,Rochester,St. John Fisher,Away,73,200,21-59,35.59322033898305,8-30,26.666666666666668,23-35,65.71428571428571,12,26,38,12,9,4,14,20,19,13,18,2,14,False
MBB,2023-11-18,St. John Fisher,Rochester,Home,81,200,29-62,46.774193548387096,6-15,40.0,17-30,56.66666666666666,14,32,46,18,6,4,18,22,9,18,34,8,17,False
MBB,2023-11-18,WashU,Hanover,Home,77,200,33-65,50.76923076923077,5-17,29.41176470588235,6-10,60.0,12,31,43,13,4,3,8,14,9,16,52,6,25,False
MBB,2023-11-18,Yeshiva,NYU,Home,78,200,28-61,45.90163934426229,11-32,34.375,11-16,68.75,7,19,26,13,10,6,14,9,11,9,28,11,21,False
MBB,2023-11-20,Carnegie Mellon,Wash. & Jeff.,Away,95,200,32-67,47.76119402985075,9-21,42.85714285714285,22-27,81.48148148148148,9,34,43,14,6,4,16,18,15,5,34,19,21,False
MBB,2023-11-20,Wash. & Jeff.,Carnegie Mellon,Home,88,200,31-76,40.78947368421053,6-26,23.07692307692308,20-27,74.07407407407408,13,29,42,15,10,6,10,21,17,12,48,19,16,False
MBB,2023-11-21,Birmingham-So.,Emory,Home,70,200,23-67,34.32835820895522,8-23,34.78260869565217,16-29,55.172413793103445,18,24,42,7,4,3,16,15,4,11,28,6,39,False
MBB,2023-11-21,Emory,Birmingham-So.,Away,99,200,38-73,52.05479452054794,11-32,34.375,12-17,70.58823529411765,13,33,46,21,9,5,10,17,22,16,52,17,38,False
MBB,2023-11-21,Hobart,Rochester,Away,78,200,23-58,39.6551724137931,6-18,33.333333333333336,26-32,81.25,13,31,44,8,10,4,15,20,14,11,30,4,25,False
MBB,2023-11-21,Rochester,Hobart,Home,70,200,26-65,40.0,5-16,31.25,13-20,65.0,12,26,38,9,8,7,15,22,13,5,38,14,21,False
MBB,2023-11-22,Babson,Brandeis,Home,78,200,28-67,41.791044776119406,8-24,33.333333333333336,14-23,60.869565217391305,15,32,47,10,13,4,9,21,15,16,38,13,6,False
MBB,2023-11-22,Brandeis,Babson,Away,65,200,19-55,34.54545454545455,8-22,36.36363636363637,19-25,76.0,7,28,35,12,5,1,14,21,4,4,18,8,22,False
MBB,2023-11-22,Caltech,NYU,Home,69,200,27-52,51.92307692307692,10-18,55.55555555555556,5-8,62.5,5,24,29,7,5,1,20,16,14,3,0,0,32,False
MBB,2023-11-22,Ill. Wesleyan,WashU,Away,76,200,31-64,48.4375,8-19,42.10526315789474,6-8,75.0,11,22,33,16,9,2,11,20,14,16,42,0,36,False
MBB,2023-11-22,NYU,Caltech,Away,78,200,31-60,51.66666666666666,4-21,19.047619047619047,12-16,75.0,8,17,25,13,9,0,8,10,24,12,0,0,27,False
MBB,2023-11-22,WashU,Ill. Wesleyan,Home,50,200,14-55,25.454545454545453,5-23,21.73913043478261,17-25,68.0,15,19,34,6,5,3,14,11,8,18,16,4,25,False
MBB,2023-11-25,Chicago,Ill. Wesleyan,Away,69,200,25-56,44.642857142857146,11-27,40.74074074074074,8-10,80.0,7,23,30,12,4,6,10,11,11,8,26,2,19,False
MBB,2023-11-25,Ill. Wesleyan,Chicago,Home,75,200,27-55,49.09090909090909,7-16,43.75,14-16,87.5,6,25,31,19,7,3,9,13,9,5,32,17,18,False
MBB,2023-11-25,NYU,Redlands,Away,82,200,29-58,50.0,3-18,16.666666666666668,21-27,77.77777777777777,8,31,39,18,8,2,20,24,19,5,48,19,26,False
MBB,2023-11-25,Redlands,NYU,Home,79,200,27-75,36.0,13-36,36.11111111111112,12-26,46.15384615384615,13,21,34,11,12,2,16,21,12,10,24,7,24,False
MBB,2023-11-26,Berry,Emory,Home,72,200,28-63,44.44444444444444,9-30,30.0,7-9,77.77777777777777,8,18,26,11,4,1,13,9,10,12,30,3,9,False
MBB,2023-11-26,Brandeis,Rhode Island College,Away,66,200,21-52,40.38461538461539,11-25,44.0,13-18,72.22222222222223,6,25,31,12,9,4,13,14,16,7,0,0,23,False
MBB,2023-11-26,Carnegie Mellon,Denison,Home,71,200,24-59,40.67796610169491,5-14,35.714285714285715,18-28,64.28571428571429,14,37,51,11,7,4,10,15,10,13,34,9,17,False
MBB,2023-11-26,Denison,Carnegie Mellon,Away,61,200,23-67,34.32835820895522,8-31,25.806451612903224,7-18,38.888888888888886,13,27,40,13,4,6,10,22,13,19,30,2,19,False
MBB,2023-11-26,Emory,Berry,Away,90,200,38-72,52.77777777777778,11-27,40.74074074074074,3-3,100.0,9,24,33,25,9,3,6,12,10,9,50,18,17,False
MBB,2023-11-26,Rhode Island College,Brandeis,Home,51,200,18-53,33.9622641509434,3-16,18.75,12-18,66.66666666666667,12,26,38,11,8,3,17,20,6,6,0,0,16,False
MBB,2023-11-26,Rhodes,WashU,Home,74,200,29-59,49.15254237288136,5-16,31.25,11-15,73.33333333333333,8,20,28,11,4,3,9,15,13,12,34,6,32,False
MBB,2023-11-26,WashU,Rhodes,Away,78,200,28-51,54.90196078431372,10-25,40.0,12-15,80.0,5,21,26,14,6,2,12,16,14,4,34,12,28,False
MBB,2023-11-28,Brandeis,Plymouth St.,Home,83,200,31-55,56.36363636363637,7-21,33.333333333333336,14-16,87.5,11,24,35,13,13,0,19,13,73,17,36,0,32,False
MBB,2023-11-28,Carnegie Mellon,St. John Fisher,Home,103,200,36-73,49.31506849315068,14-32,43.75,17-20,85.0,8,36,44,23,10,6,15,12,8,8,36,14,40,False
MBB,2023-11-28,Emory,Sewanee,Home,109,200,39-85,45.88235294117647,13-36,36.11111111111112,18-26,69.23076923076923,21,33,54,31,14,6,8,17,22,23,48,14,40,False
MBB,2023-11-28,Plymouth St.,Brandeis,Away,48,200,15-47,31.91489361702128,5-12,41.66666666666666,13-17,76.47058823529412,11,14,25,9,15,1,25,18,33,7,14,0,20,False
MBB,2023-11-28,Sewanee,Emory,Away,72,200,26-63,41.26984126984127,5-27,18.51851851851852,15-20,75.0,7,26,33,20,4,3,17,18,2,8,42,2,24,False
MBB,2023-11-28,St. John Fisher,Carnegie Mellon,Away,92,200,38-80,47.5,8-19,42.10526315789474,8-13,61.53846153846154,8,32,40,14,8,2,12,18,22,10,58,13,36,False
MBB,2023-11-28,WashU,Webster,Home,88,200,36-62,58.064516129032256,11-25,44.0,5-8,62.5,12,37,49,11,7,8,17,7,9,16,50,12,33,False
MBB,2023-11-28,Webster,WashU,Away,59,200,27-77,35.064935064935064,4-10,40.0,1-4,25.0,15,15,30,9,8,4,8,12,17,12,32,7,26,False
MBB,2023-11-29,Capital,Case Western,Away,87,200,32-71,45.070422535211264,7-26,26.923076923076923,16-25,64.0,18,27,45,18,3,2,10,18,9,27,40,9,22,False
MBB,2023-11-29,Case Western,Capital,Home,94,200,28-63,44.44444444444444,13-33,39.39393939393939,25-30,83.33333333333333,11,28,39,19,5,5,8,19,16,11,26,9,42,False
MBB,2023-11-29,Chicago,Kalamazoo,Away,67,200,25-58,43.10344827586207,8-26,30.76923076923077,9-13,69.23076923076923,8,29,37,13,10,0,13,14,17,7,28,10,7,False
MBB,2023-11-29,Kalamazoo,Chicago,Home,63,200,25-57,43.85964912280702,7-23,30.43478260869565,6-11,54.54545454545455,5,29,34,9,5,0,15,17,8,2,26,0,20,False
MBB,2023-12-01,Bates,Brandeis,Away,58,200,20-52,38.46153846153846,8-23,34.78260869565217,10-14,71.42857142857143,9,22,31,11,8,0,16,10,16,8,20,0,13,False
MBB,2023-12-01,Brandeis,Bates,Home,68,200,28-53,52.83018867924528,6-15,40.0,6-8,75.0,4,24,28,16,14,2,14,10,19,7,24,0,18,False
MBB,2023-12-01,Colby,Emory,Away,57,199,18-58,31.03448275862069,9-28,32.142857142857146,12-25,48.0,12,28,40,7,10,1,19,13,10,7,16,0,14,False
MBB,2023-12-01,Emory,Colby,Home,87,198,32-69,46.3768115942029,12-28,42.85714285714285,11-16,68.75,13,36,49,16,9,3,18,18,21,10,34,0,25,False
MBB,2023-12-02,Bates,Emory,Home,77,200,26-70,37.142857142857146,9-31,29.032258064516128,16-18,88.88888888888889,13,29,42,15,4,4,9,18,8,22,26,0,25,False
MBB,2023-12-02,Bowdoin,Chicago,Home,61,200,25-54,46.2962962962963,7-18,38.888888888888886,4-8,50.0,3,27,30,13,5,3,17,15,13,2,34,7,32,False
MBB,2023-12-02,Brandeis,Colby,Home,77,199,31-70,44.285714285714285,8-18,44.44444444444444,7-10,70.0,15,26,41,17,11,3,8,15,25,22,32,0,23,False
MBB,2023-12-02,Carnegie Mellon,Hamilton,Away,87,200,27-57,47.36842105263158,10-18,55.55555555555556,23-27,85.18518518518519,9,30,39,12,10,2,13,14,19,10,26,16,26,False
MBB,2023-12-02,Case Western,Kalamazoo,Home,100,200,38-67,56.71641791044776,16-33,48.48484848484848,8-9,88.88888888888889,12,24,36,23,6,9,8,8,14,17,44,4,35,False
MBB,2023-12-02,Chicago,Bowdoin,Away,73,200,26-62,41.935483870967744,10-31,32.25806451612903,11-14,78.57142857142857,7,25,32,11,12,3,10,9,27,10,28,15,15,False
MBB,2023-12-02,Colby,Brandeis,Away,57,200,23-51,45.09803921568628,6-18,33.333333333333336,5-11,45.45454545454545,6,25,31,14,4,2,16,9,6,5,24,0,19,False
MBB,2023-12-02,Connecticut Col.,NYU,Home,73,200,27-54,50.0,9-18,50.0,10-13,76.92307692307692,6,13,19,14,5,0,11,14,17,2,34,2,13,False
MBB,2023-12-02,Emory,Bates,Away,88,200,30-75,40.0,12-30,40.0,16-19,84.21052631578948,16,31,47,20,4,4,10,13,12,22,24,0,8,False
MBB,2023-12-02,Hamilton,Carnegie Mellon,Home,73,200,28-66,42.42424242424242,8-31,25.806451612903224,9-13,69.23076923076923,8,24,32,14,10,8,12,23,12,6,32,5,11,False
MBB,2023-12-02,Kalamazoo,Case Western,Away,73,200,27-65,41.53846153846154,11-26,42.30769230769231,8-11,72.72727272727273,14,17,31,14,5,2,10,12,4,13,32,2,18,False
MBB,2023-12-02,Middlebury,Rochester,Home,58,200,26-60,43.333333333333336,3-15,20.0,3-6,50.0,7,23,30,7,5,1,16,21,6,6,38,2,24,False
MBB,2023-12-02,Millikin,WashU,Home,47,200,18-55,32.72727272727273,2-19,10.526315789473683,9-13,69.23076923076923,10,21,31,7,10,3,16,13,6,7,24,7,17,False
MBB,2023-12-02,NYU,Connecticut Col.,Away,78,200,28-47,59.57446808510638,14-26,53.84615384615385,8-13,61.53846153846154,8,22,30,21,2,2,15,11,13,10,20,2,22,False
MBB,2023-12-02,Rochester,Middlebury,Away,72,200,25-55,45.45454545454545,3-16,18.75,19-23,82.6086956521739,8,29,37,9,10,4,12,9,18,10,40,13,22,False
MBB,2023-12-02,WashU,Millikin,Away,63,200,21-45,46.66666666666666,9-17,52.94117647058823,12-16,75.0,5,30,35,13,4,3,18,13,12,1,22,16,13,False
MBB,2023-12-03,Bowdoin,Carnegie Mellon,Home,66,200,26-54,48.14814814814815,7-18,38.888888888888886,7-16,43.75,9,31,40,15,6,6,18,13,19,15,32,5,24,False
MBB,2023-12-03,Carnegie Mellon,Bowdoin,Away,62,200,21-62,33.87096774193548,8-20,40.0,12-15,80.0,11,23,34,10,8,3,14,15,5,10,24,7,12,False
MBB,2023-12-03,Chicago,Middlebury,Away,88,200,32-65,49.23076923076923,14-31,45.16129032258065,10-10,100.0,8,28,36,18,7,6,8,10,7,12,30,5,19,False
MBB,2023-12-03,Hamilton,Rochester,Home,60,200,25-65,38.46153846153846,4-23,17.391304347826086,6-13,46.15384615384615,14,21,35,9,6,7,12,21,13,13,36,2,10,False
MBB,2023-12-03,Middlebury,Chicago,Home,64,200,25-66,37.87878787878788,8-23,34.78260869565217,6-6,100.0,10,23,33,12,3,2,8,13,10,10,22,10,26,False
MBB,2023-12-03,Rochester,Hamilton,Away,82,200,30-58,51.72413793103448,4-17,23.529411764705884,18-23,78.26086956521739,11,29,40,11,10,4,11,16,18,15,46,11,43,False
MBB,2023-12-06,Ithaca,Rochester,Home,86,200,33-67,49.25373134328358,8-26,30.76923076923077,12-14,85.71428571428571,15,29,44,18,12,4,17,12,16,16,48,14,40,False
MBB,2023-12-06,Rochester,Ithaca,Away,70,200,29-70,41.42857142857143,7-24,29.166666666666668,5-8,62.5,14,21,35,13,8,6,16,15,15,20,40,13,28,False
MBB,2023-12-07,Brandeis,Lasell,Home,62,200,20-51,39.21568627450981,4-15,26.666666666666668,18-23,78.26086956521739,7,27,34,11,7,3,14,15,17,6,24,0,21,False
MBB,2023-12-07,Lasell,Brandeis,Away,57,200,20-53,37.735849056603776,4-17,23.529411764705884,13-14,92.85714285714286,7,26,33,8,8,2,18,18,15,13,26,0,4,False
MBB,2023-12-09,Adrian,Case Western,Home,65,200,27-57,47.36842105263158,4-16,25.0,7-9,77.77777777777777,2,24,26,6,4,7,11,21,12,0,38,0,20,False
MBB,2023-12-09,Brandeis,Salem St.,Away,74,200,27-63,42.85714285714285,10-25,40.0,10-13,76.92307692307692,20,24,44,22,9,2,12,14,16,11,26,4,9,False
MBB,2023-12-09,Brooklyn,NYU,Away,66,200,25-63,39.68253968253968,5-15,33.333333333333336,11-20,55.0,7,24,31,11,9,1,15,12,12,2,32,6,46,False
MBB,2023-12-09,Case Western,Adrian,Away,83,200,30-64,46.875,9-28,32.142857142857146,14-22,63.63636363636363,12,28,40,12,6,3,7,11,10,15,38,1,37,False
MBB,2023-12-09,NYU,Brooklyn,Home,111,200,42-79,53.16455696202532,24-46,52.17391304347826,3-3,100.0,11,37,48,34,12,5,12,19,21,18,34,24,49,False
MBB,2023-12-09,Salem St.,Brandeis,Home,55,200,20-48,41.66666666666666,5-18,27.77777777777778,10-13,76.92307692307692,5,17,22,6,5,7,12,11,8,5,22,4,18,False
MBB,2023-12-11,Case Western,Hiram,Away,104,200,36-62,58.064516129032256,11-25,44.0,21-29,72.41379310344827,12,23,35,24,7,2,13,17,14,21,40,11,43,False
MBB,2023-12-11,Hiram,Case Western,Home,95,200,38-75,50.66666666666666,9-30,30.0,10-13,76.92307692307692,15,19,34,19,8,3,10,22,21,14,50,9,29,False
MBB,2023-12-12,Rochester,York (PA),Home,73,200,27-63,42.85714285714285,4-13,30.76923076923077,15-25,60.0,17,35,52,7,8,7,21,14,14,15,42,17,17,False
MBB,2023-12-12,York (PA),Rochester,Away,66,200,25-66,37.87878787878788,10-29,34.48275862068966,6-9,66.66666666666667,6,24,30,9,12,9,12,18,20,5,26,8,11,False
MBB,2023-12-14,Emory,Oglethorpe,Away,98,200,34-72,47.22222222222222,15-35,42.85714285714285,15-22,68.18181818181819,17,23,40,21,10,5,10,22,17,24,0,0,25,False
MBB,2023-12-14,Oglethorpe,Emory,Home,78,200,24-61,39.34426229508197,4-19,21.05263157894737,26-36,72.22222222222223,19,24,43,12,4,3,15,20,11,13,0,0,35,False
MBB,2023-12-16,Chicago,Wheaton (IL),Home,59,200,23-60,38.333333333333336,9-24,37.5,4-7,57.142857142857146,11,31,42,7,2,4,11,13,5,12,20,8,18,False
MBB,2023-12-16,Delaware Valley,NYU,Away,56,200,19-66,28.78787878787879,10-28,35.714285714285715,8-9,88.88888888888889,18,20,38,14,7,2,19,12,4,13,18,3,28,False
MBB,2023-12-16,Fontbonne,WashU,Away,75,200,29-52,55.76923076923077,8-19,42.10526315789474,9-11,81.81818181818181,3,18,21,14,5,0,20,18,10,4,34,7,32,False
MBB,2023-12-16,NYU,Delaware Valley,Home,98,200,35-69,50.72463768115942,16-32,50.0,12-16,75.0,16,30,46,23,12,5,10,13,20,10,38,21,44,False
MBB,2023-12-16,WashU,Fontbonne,Home,96,200,33-60,55.0,11-27,40.74074074074074,19-27,70.37037037037037,11,19,30,19,15,0,11,10,32,17,44,21,40,False
MBB,2023-12-16,Wheaton (IL),Chicago,Away,52,200,19-60,31.666666666666668,4-19,21.05263157894737,10-16,62.5,11,29,40,8,6,3,7,11,7,6,26,14,21,False
MBB,2023-12-17,Case Western,Earlham,Away,82,200,27-60,45.0,12-29,41.37931034482759,16-20,80.0,15,23,38,15,7,6,9,11,8,14,30,8,23,False
MBB,2023-12-17,Earlham,Case Western,Home,70,200,28-57,49.12280701754386,7-18,38.888888888888886,7-9,77.77777777777777,6,20,26,8,6,0,9,15,5,8,30,3,15,False
MBB,2023-12-17,Principia,WashU,Away,56,200,21-48,43.75,9-25,36.0,5-7,71.42857142857143,3,16,19,11,3,1,13,6,9,3,20,2,5,False
MBB,2023-12-17,WashU,Principia,Home,90,200,37-77,48.05194805194805,14-42,33.333333333333336,2-2,100.0,22,23,45,19,8,1,6,6,22,27,44,11,55,False
MBB,2023-12-19,Carnegie Mellon,Chatham,Home,77,200,31-67,46.26865671641791,4-16,25.0,11-17,64.70588235294117,11,39,50,14,6,6,13,13,13,12,48,12,30,False
MBB,2023-12-19,Chatham,Carnegie Mellon,Away,62,200,24-78,30.76923076923077,6-31,19.35483870967742,8-12,66.66666666666667,16,28,44,12,7,2,8,15,10,15,36,6,23,False
MBB,2023-12-19,Chicago,Southwestern (TX),Away,70,200,26-59,44.067796610169495,14-34,41.1764705882353,4-11,36.36363636363637,8,31,39,14,9,2,9,19,14,7,20,15,29,False
MBB,2023-12-19,Southwestern (TX),Chicago,Home,45,200,16-56,28.571428571428573,1-14,7.142857142857143,12-24,50.0,14,27,41,1,4,1,13,18,5,10,20,4,13,False
MBB,2023-12-21,Chicago,Trinity (TX),Away,63,200,21-62,33.87096774193548,13-40,32.5,8-10,80.0,11,25,36,13,6,5,17,11,18,14,12,3,17,False
MBB,2023-12-21,Trinity (TX),Chicago,Home,82,200,31-64,48.4375,7-13,53.84615384615385,13-17,76.47058823529412,10,29,39,17,7,1,10,11,32,16,44,20,30,False
MBB,2023-12-28,Case Western,Oswego St.,Home,87,200,34-63,53.96825396825397,11-33,33.333333333333336,8-13,61.53846153846154,7,31,38,19,2,7,15,17,7,10,42,15,27,False
MBB,2023-12-28,Oswego St.,Case Western,Away,74,200,28-69,40.57971014492754,3-15,20.0,15-21,71.42857142857143,13,23,36,11,6,2,9,9,13,16,48,12,7,False
MBB,2023-12-29,Brandeis,Middlebury,Home,65,200,22-63,34.92063492063492,3-23,13.043478260869565,18-25,72.0,13,18,31,8,16,0,8,14,25,11,26,0,16,False
MBB,2023-12-29,Case Western,Clark (MA),Away,98,200,35-57,61.40350877192982,11-25,44.0,17-20,85.0,8,30,38,19,5,7,14,13,7,9,38,11,21,False
MBB,2023-12-29,Clark (MA),Case Western,Home,87,200,33-72,45.833333333333336,10-26,38.46153846153846,11-19,57.89473684210526,13,15,28,18,10,1,5,18,23,5,38,21,28,False
MBB,2023-12-29,Emory,Mary Washington,Home,61,200,20-53,37.735849056603776,7-23,30.43478260869565,14-25,56.0,5,33,38,15,8,8,11,15,13,4,22,11,4,False
MBB,2023-12-29,Mary Washington,Emory,Away,55,200,22-66,33.333333333333336,3-17,17.647058823529413,8-12,66.66666666666667,13,38,51,12,8,4,14,21,13,6,30,1,17,False
MBB,2023-12-29,Middlebury,Brandeis,Away,60,200,19-49,38.775510204081634,8-19,42.10526315789474,14-16,87.5,11,29,40,9,5,2,23,17,12,12,16,0,18,False
MBB,2023-12-29,NYU,SUNY Canton,Home,96,200,34-76,44.73684210526316,17-41,41.46341463414634,11-14,78.57142857142857,21,33,54,22,18,4,13,14,35,17,34,25,50,False
MBB,2023-12-29,SUNY Canton,NYU,Away,48,200,16-57,28.07017543859649,10-30,33.333333333333336,6-10,60.0,9,23,32,13,11,1,24,13,13,6,12,1,31,False
MBB,2023-12-30,Emory,George Fox,Home,82,200,29-80,36.25,7-29,24.13793103448276,17-24,70.83333333333333,21,37,58,15,7,7,17,23,16,23,42,14,19,False
MBB,2023-12-30,George Fox,Emory,Away,85,200,26-73,35.61643835616438,8-24,33.333333333333336,25-35,71.42857142857143,15,32,47,11,11,3,11,22,19,10,34,16,30,False
MBB,2023-12-30,NYU,SUNY Oneonta,Home,80,200,32-63,50.79365079365079,10-31,32.25806451612903,6-11,54.54545454545455,4,33,37,28,4,8,6,12,8,6,42,19,20,False
MBB,2023-12-30,SUNY Oneonta,NYU,Away,64,200,24-72,33.333333333333336,4-20,20.0,12-14,85.71428571428571,16,28,44,15,2,5,6,12,11,13,32,17,26,False
MBB,2023-12-30,Wabash,WashU,Away,64,200,24-60,40.0,10-30,33.333333333333336,6-8,75.0,7,23,30,8,5,2,9,14,10,3,28,7,27,False
MBB,2023-12-30,WashU,Wabash,Home,72,200,28-57,49.12280701754386,3-10,30.0,13-20,65.0,10,30,40,9,6,2,8,14,12,12,48,6,9,False
MBB,2023-12-31,RIT,Rochester,Home,68,200,26-64,40.625,3-19,15.789473684210526,13-16,81.25,9,30,39,11,4,0,12,13,8,11,38,17,36,False
MBB,2023-12-31,Rochester,RIT,Away,78,200,32-71,45.070422535211264,5-21,23.80952380952381,9-15,60.0,14,31,45,16,8,7,11,14,15,19,46,21,28,False
WBB,2024-01-02,Brandeis,Clark University,Home,72,201,23-65,35.38461538461539,10-25,40.0,16-21,76.19047619047619,16,26,42,16,6,2,15,18,12,11,16,0,39,False
WBB,2024-01-02,Clark University,Brandeis,Away,84,200,30-68,44.11764705882353,8-16,50.0,16-20,80.0,11,26,37,11,9,4,11,18,22,6,28,0,26,False
WBB,2024-01-03,RIT,Rochester,Home,43,200,16-63,25.396825396825395,4-21,19.047619047619047,7-13,53.84615384615385,7,25,32,6,6,1,17,14,8,6,16,4,27,False
WBB,2024-01-03,Rochester,RIT,Away,87,200,35-82,42.68292682926829,6-19,31.57894736842105,11-16,68.75,20,42,62,16,12,9,10,17,10,19,54,13,61,False
WBB,2024-01-06,Brandeis,NYU,Away,52,200,17-63,26.984126984126984,6-20,30.0,12-22,54.54545454545455,14,21,35,11,4,4,23,15,17,2,20,2,22,True
WBB,2024-01-06,Carnegie Mellon,Case Western,Home,75,200,33-63,52.38095238095238,6-18,33.333333333333336,3-5,60.0,16,37,53,18,8,6,22,15,13,18,38,8,11,True
WBB,2024-01-06,Case Western,Carnegie Mellon,Away,56,200,18-68,26.47058823529412,4-22,18.181818181818183,16-17,94.11764705882354,14,16,30,7,10,3,13,13,8,11,28,3,17,True
WBB,2024-01-06,Chicago,WashU,Home,69,200,24-61,39.34426229508197,5-17,29.41176470588235,16-22,72.72727272727273,7,25,32,8,9,0,12,22,10,4,28,9,15,True
WBB,2024-01-06,Emory,Rochester,Away,75,200,23-63,36.507936507936506,11-26,42.30769230769231,18-22,81.81818181818181,13,36,49,15,7,3,17,15,8,8,22,12,15,True
WBB,2024-01-06,NYU,Brandeis,Home,103,200,42-75,56.0,7-12,58.333333333333336,12-14,85.71428571428571,13,37,50,33,13,7,15,18,32,14,62,23,40,True
WBB,2024-01-06,Rochester,Emory,Home,69,200,27-71,38.0281690140845,4-20,20.0,11-20,55.0,12,29,41,15,9,1,11,19,19,10,42,10,10,True
WBB,2024-01-06,WashU,Chicago,Away,79,200,27-57,47.36842105263158,9-23,39.130434782608695,16-24,66.66666666666667,8,29,37,11,4,0,14,22,11,6,32,13,37,True
WBB,2024-01-12,Brandeis,Carnegie Mellon,Away,54,200,17-66,25.75757575757576,5-25,20.0,15-18,83.33333333333333,14,21,35,4,5,3,15,11,17,14,22,0,29,True
WBB,2024-01-12,Carnegie Mellon,Brandeis,Home,73,200,31-59,52.54237288135593,6-15,40.0,5-11,45.45454545454545,10,34,44,20,8,3,18,21,18,2,48,7,27,True
WBB,2024-01-12,Case Western,NYU,Home,58,200,23-60,38.333333333333336,6-20,30.0,6-7,85.71428571428571,6,22,28,15,4,3,16,19,9,6,20,9,29,True
WBB,2024-01-12,Chicago,Rochester,Home,73,200,25-61,40.98360655737705,6-16,37.5,17-28,60.71428571428572,11,30,41,11,9,1,19,14,16,9,32,23,17,True
WBB,2024-01-12,Emory,WashU,Away,76,200,28-66,42.42424242424242,7-19,36.8421052631579,13-21,61.90476190476191,9,27,36,16,4,3,11,19,15,5,34,9,20,True
WBB,2024-01-12,NYU,Case Western,Away,84,200,31-64,48.4375,5-16,31.25,17-23,73.91304347826087,13,31,44,18,8,3,9,10,24,10,48,15,40,True
WBB,2024-01-12,Rochester,Chicago,Away,65,200,25-63,39.68253968253968,5-18,27.77777777777778,10-15,66.66666666666667,11,30,41,13,11,6,21,22,8,6,32,15,19,True
WBB,2024-01-12,WashU,Emory,Home,73,200,27-67,40.298507462686565,4-19,21.05263157894737,15-20,75.0,10,29,39,11,7,6,11,21,12,10,46,11,16,True
WBB,2024-01-14,Brandeis,Case Western,Away,53,200,19-57,33.333333333333336,8-26,30.76923076923077,7-10,70.0,7,24,31,10,8,1,15,17,14,11,20,2,31,True
WBB,2024-01-14,Carnegie Mellon,NYU,Home,61,200,21-63,33.333333333333336,9-29,31.03448275862069,10-15,66.66666666666667,13,15,28,14,14,2,17,16,14,6,16,6,16,True
WBB,2024-01-14,Case Western,Brandeis,Home,64,200,21-52,40.38461538461539,6-17,35.294117647058826,16-18,88.88888888888889,8,32,40,9,9,0,16,10,18,10,30,10,20,True
WBB,2024-01-14,Chicago,Emory,Home,72,200,22-52,42.30769230769231,5-14,35.714285714285715,23-30,76.66666666666667,16,27,43,8,6,2,15,12,15,18,32,6,23,True
WBB,2024-01-14,Emory,Chicago,Away,58,200,23-59,38.983050847457626,2-15,13.333333333333334,10-12,83.33333333333333,10,18,28,14,5,2,13,23,11,4,34,7,24,True
WBB,2024-01-14,NYU,Carnegie Mellon,Away,90,200,34-63,53.96825396825397,14-25,56.0,8-10,80.0,14,31,45,24,6,4,21,16,11,15,38,10,43,True
WBB,2024-01-14,Rochester,WashU,Away,75,200,28-69,40.57971014492754,8-17,47.05882352941177,11-14,78.57142857142857,8,30,38,8,8,2,15,20,25,7,32,9,13,True
WBB,2024-01-14,WashU,Rochester,Home,71,200,30-66,45.45454545454545,6-21,28.571428571428573,5-14,35.714285714285715,8,26,34,11,8,6,20,15,17,8,48,8,3,True
WBB,2024-01-19,Brandeis,Chicago,Home,53,200,20-60,33.333333333333336,8-27,29.62962962962963,5-9,55.55555555555556,11,24,35,12,5,3,23,21,12,5,18,0,30,True
WBB,2024-01-19,Carnegie Mellon,Rochester,Away,67,200,27-79,34.177215189873415,8-27,29.62962962962963,5-7,71.42857142857143,15,29,44,13,6,0,10,17,12,7,32,11,17,True
WBB,2024-01-19,Case Western,Emory,Away,55,200,19-50,38.0,6-17,35.294117647058826,11-16,68.75,8,25,33,10,3,3,16,18,7,3,22,3,6,True
WBB,2024-01-19,Chicago,Brandeis,Away,65,200,22-55,40.0,3-9,33.333333333333336,18-29,62.06896551724138,12,30,42,12,7,2,18,16,26,9,28,0,25,True
WBB,2024-01-19,Emory,Case Western,Home,61,200,21-65,32.30769230769231,2-17,11.764705882352942,17-21,80.95238095238095,20,25,45,10,6,3,9,14,9,16,32,4,22,True
WBB,2024-01-19,NYU,WashU,Home,67,200,26-59,44.067796610169495,6-16,37.5,9-12,75.0,13,24,37,15,8,4,18,11,22,14,34,12,16,True
WBB,2024-01-19,Rochester,Carnegie Mellon,Home,84,200,32-73,43.83561643835616,9-27,33.333333333333336,11-15,73.33333333333333,13,37,50,17,7,8,11,8,7,12,40,9,25,True
WBB,2024-01-19,WashU,NYU,Away,56,200,22-52,42.30769230769231,6-20,30.0,6-9,66.66666666666667,7,21,28,13,9,2,23,15,20,8,30,0,15,True
WBB,2024-01-21,Brandeis,WashU,Home,48,200,15-55,27.27272727272728,8-29,27.58620689655172,10-16,62.5,10,20,30,12,4,3,23,26,7,15,14,0,19,True
WBB,2024-01-21,Carnegie Mellon,Emory,Away,52,200,24-57,42.10526315789474,2-17,11.764705882352942,2-6,33.333333333333336,11,20,31,12,12,3,18,8,22,10,42,6,4,True
WBB,2024-01-21,Case Western,Rochester,Away,62,200,22-66,33.333333333333336,5-20,25.0,13-14,92.85714285714286,15,23,38,12,8,3,14,18,12,7,32,6,20,True
WBB,2024-01-21,Chicago,NYU,Away,42,200,16-56,28.571428571428573,5-24,20.83333333333333,5-9,55.55555555555556,8,31,39,10,6,5,19,20,2,10,16,2,6,True
WBB,2024-01-21,Emory,Carnegie Mellon,Home,62,200,26-59,44.067796610169495,9-25,36.0,1-3,33.333333333333336,13,23,36,20,7,3,19,11,22,14,30,10,20,True
WBB,2024-01-21,NYU,Chicago,Home,67,200,22-61,36.0655737704918,4-15,26.666666666666668,19-25,76.0,9,33,42,15,9,6,9,9,15,12,32,10,16,True
WBB,2024-01-21,Rochester,Case Western,Home,82,200,32-67,47.76119402985075,5-19,26.31578947368421,13-21,61.90476190476191,16,29,45,18,9,3,10,11,21,24,50,6,33,True
WBB,2024-01-21,WashU,Brandeis,Away,83,200,27-58,46.55172413793103,5-19,26.31578947368421,24-34,70.58823529411765,16,31,47,13,13,5,15,19,19,19,42,0,26,True
WBB,2024-01-26,Brandeis,Emory,Home,57,200,19-60,31.666666666666668,4-21,19.047619047619047,15-18,83.33333333333333,11,24,35,8,2,3,14,22,4,11,30,0,21,True
WBB,2024-01-26,Carnegie Mellon,WashU,Away,81,200,31-60,51.66666666666666,6-16,37.5,13-22,59.09090909090909,9,24,33,16,8,1,18,21,19,11,42,13,32,True
WBB,2024-01-26,Case Western,Chicago,Away,59,200,22-62,35.483870967741936,4-21,19.047619047619047,11-15,73.33333333333333,8,32,40,11,10,1,16,22,8,4,24,12,3,True
WBB,2024-01-26,Chicago,Case Western,Home,64,200,22-53,41.50943396226416,5-18,27.77777777777778,15-32,46.875,7,33,40,11,10,5,16,8,16,12,24,8,9,True
WBB,2024-01-26,Emory,Brandeis,Away,81,200,29-66,43.93939393939394,7-21,33.333333333333336,16-27,59.25925925925926,14,29,43,10,7,4,6,18,16,18,38,0,43,True
WBB,2024-01-26,NYU,Rochester,Home,86,200,35-67,52.23880597014925,7-15,46.66666666666666,9-11,81.81818181818181,11,24,35,21,14,4,13,15,20,9,48,19,29,True
WBB,2024-01-26,Rochester,NYU,Away,59,200,23-55,41.81818181818182,0-10,0.0,13-21,61.90476190476191,10,21,31,10,4,7,21,13,11,9,40,10,25,True
WBB,2024-01-26,WashU,Carnegie Mellon,Home,90,200,35-71,49.29577464788732,7-24,29.166666666666668,13-24,54.16666666666666,15,24,39,17,9,1,12,19,24,25,52,9,29,True
WBB,2024-01-28,Brandeis,Rochester,Home,60,200,22-64,34.375,7-35,20.0,9-11,81.81818181818181,11,30,41,11,3,1,13,24,9,14,18,0,25,True
WBB,2024-01-28,Carnegie Mellon,Chicago,Away,58,200,25-54,46.2962962962963,2-14,14.285714285714286,6-6,100.0,3,26,29,11,9,3,18,9,17,4,34,6,7,True
WBB,2024-01-28,Case Western,WashU,Away,65,200,21-60,35.0,9-28,32.142857142857146,14-16,87.5,9,16,25,11,6,3,11,18,12,10,22,4,14,True
WBB,2024-01-28,Chicago,Carnegie Mellon,Home,72,200,32-78,41.02564102564103,4-20,20.0,4-6,66.66666666666667,22,26,48,8,8,3,13,10,22,23,40,6,4,True
WBB,2024-01-28,Emory,NYU,Away,41,200,17-60,28.33333333333333,4-17,23.529411764705884,3-6,50.0,12,21,33,10,3,3,16,17,5,7,22,5,17,True
WBB,2024-01-28,NYU,Emory,Home,74,200,29-63,46.03174603174603,7-15,46.66666666666666,9-15,60.0,16,32,48,18,6,5,11,15,14,18,42,9,22,True
WBB,2024-01-28,Rochester,Brandeis,Away,78,200,29-62,46.774193548387096,8-17,47.05882352941177,12-30,40.0,11,32,43,19,5,2,6,16,11,12,34,0,17,True
WBB,2024-01-28,WashU,Case Western,Home,82,200,32-56,57.142857142857146,8-23,34.78260869565217,10-17,58.8235294117647,12,24,36,13,5,3,17,13,10,17,48,10,29,True
WBB,2024-02-02,Brandeis,Emory,Away,50,200,15-57,26.31578947368421,3-20,15.0,17-24,70.83333333333333,13,32,45,9,4,3,18,15,6,9,20,2,23,True
WBB,2024-02-02,Carnegie Mellon,WashU,Home,69,200,25-64,39.0625,6-20,30.0,13-21,61.90476190476191,13,25,38,16,8,2,14,17,22,8,34,13,18,True
WBB,2024-02-02,Case Western,Chicago,Home,43,200,18-65,27.692307692307693,4-27,14.814814814814817,3-5,60.0,12,28,40,9,7,2,14,17,6,5,26,2,9,True
WBB,2024-02-02,Chicago,Case Western,Away,59,200,20-52,38.46153846153846,6-20,30.0,13-22,59.09090909090909,8,34,42,13,9,3,15,13,20,3,18,4,23,True
WBB,2024-02-02,Emory,Brandeis,Home,76,200,28-67,41.791044776119406,7-18,38.888888888888886,13-17,76.47058823529412,10,29,39,22,4,2,8,21,20,15,30,7,38,True
WBB,2024-02-02,NYU,Rochester,Away,95,200,39-73,53.42465753424658,10-24,41.66666666666666,7-12,58.333333333333336,10,42,52,23,6,7,9,18,17,15,54,15,40,True
WBB,2024-02-02,Rochester,NYU,Home,53,200,19-65,29.23076923076923,4-20,20.0,11-20,55.0,9,28,37,14,7,3,11,12,14,5,24,14,16,True
WBB,2024-02-02,WashU,Carnegie Mellon,Away,71,200,27-60,45.0,3-15,20.0,14-20,70.0,11,30,41,16,6,5,18,19,12,10,42,4,12,True
WBB,2024-02-04,Brandeis,Rochester,Away,51,200,19-65,29.23076923076923,8-36,22.22222222222222,5-8,62.5,17,19,36,9,10,3,21,14,9,16,16,3,17,True
WBB,2024-02-04,Carnegie Mellon,Chicago,Home,57,200,21-60,35.0,8-24,33.333333333333336,7-11,63.63636363636363,10,30,40,12,6,4,15,13,12,3,24,7,10,True
WBB,2024-02-04,Case Western,WashU,Home,74,200,24-51,47.05882352941177,10-26,38.46153846153846,16-24,66.66666666666667,4,23,27,14,5,3,14,20,19,3,22,13,16,True
WBB,2024-02-04,Chicago,Carnegie Mellon,Away,70,200,27-64,42.1875,8-25,32.0,8-9,88.88888888888889,7,30,37,20,8,4,9,13,16,9,30,4,23,True
WBB,2024-02-04,Emory,NYU,Home,46,200,18-51,35.294117647058826,3-13,23.07692307692308,7-8,87.5,3,18,21,11,6,2,21,11,8,2,18,2,13,True
WBB,2024-02-04,NYU,Emory,Away,82,200,32-61,52.459016393442624,6-14,42.85714285714285,12-14,85.71428571428571,11,30,41,18,13,3,18,9,22,6,46,10,10,True
WBB,2024-02-04,Rochester,Brandeis,Home,83,200,35-61,57.377049180327866,4-16,25.0,9-15,60.0,12,31,43,16,12,1,20,11,30,17,52,4,34,True
WBB,2024-02-04,WashU,Case Western,Away,84,200,30-64,46.875,8-23,34.78260869565217,16-21,76.19047619047619,13,27,40,15,9,0,13,22,14,14,38,16,28,True
WBB,2024-02-09,Brandeis,Carnegie Mellon,Home,72,200,25-66,37.87878787878788,13-34,38.23529411764706,9-13,69.23076923076923,9,24,33,15,9,7,8,12,19,8,20,0,22,True
WBB,2024-02-09,Carnegie Mellon,Brandeis,Away,70,200,30-64,46.875,5-11,45.45454545454545,5-11,45.45454545454545,13,35,48,14,1,6,17,19,5,13,44,0,12,True
WBB,2024-02-09,Case Western,NYU,Away,67,200,26-54,48.14814814814815,10-15,66.66666666666667,5-9,55.55555555555556,3,20,23,18,6,0,11,7,18,2,26,0,14,True
WBB,2024-02-09,Chicago,Rochester,Away,74,200,26-61,42.62295081967213,10-20,50.0,12-19,63.1578947368421,8,36,44,13,4,1,16,20,15,10,28,3,14,True
WBB,2024-02-09,Emory,WashU,Home,61,200,24-60,40.0,4-18,22.22222222222222,9-10,90.0,4,16,20,11,3,3,11,14,17,4,28,4,4,True
WBB,2024-02-09,NYU,Case Western,Home,82,200,34-62,54.83870967741935,12-27,44.44444444444444,2-4,50.0,9,27,36,19,7,6,12,9,10,16,42,13,25,True
WBB,2024-02-09,Rochester,Chicago,Home,70,200,27-71,38.0281690140845,3-17,17.647058823529413,13-18,72.22222222222223,12,32,44,15,8,6,11,19,12,9,32,11,19,True
WBB,2024-02-09,WashU,Emory,Away,72,200,28-55,50.90909090909091,4-10,40.0,12-15,80.0,12,31,43,12,4,3,18,12,15,13,48,9,10,True
WBB,2024-02-11,Brandeis,Case Western,Home,64,200,24-72,33.333333333333336,9-32,28.125,7-8,87.5,16,24,40,10,6,2,14,18,14,15,20,0,20,True
WBB,2024-02-11,Carnegie Mellon,NYU,Away,54,200,20-63,31.746031746031747,6-22,27.27272727272728,8-10,80.0,19,13,32,10,3,0,22,21,15,16,22,5,14,True
WBB,2024-02-11,Case Western,Brandeis,Away,71,200,28-64,43.75,7-22,31.818181818181817,8-13,61.53846153846154,11,31,42,17,7,4,15,14,13,6,28,0,16,True
WBB,2024-02-11,Chicago,Emory,Away,57,200,17-63,26.984126984126984,2-18,11.11111111111111,21-28,75.0,18,23,41,6,7,1,16,23,15,9,28,4,18,True
WBB,2024-02-11,Emory,Chicago,Home,64,200,21-55,38.18181818181818,3-14,21.428571428571427,19-24,79.16666666666667,14,31,45,8,3,6,17,24,12,10,26,0,19,True
WBB,2024-02-11,NYU,Carnegie Mellon,Home,76,200,28-56,50.0,7-20,35.0,13-16,81.25,15,24,39,21,12,6,21,13,25,20,40,17,38,True
WBB,2024-02-11,Rochester,WashU,Home,55,200,16-56,28.571428571428573,4-16,25.0,19-29,65.51724137931035,13,27,40,9,6,3,15,18,12,12,20,2,32,True
WBB,2024-02-11,Rochester,Washington-St. Louis,Home,55,200,16-56,28.571428571428573,4-16,25.0,19-29,65.51724137931035,13,27,40,9,6,3,15,18,12,12,20,2,32,False
WBB,2024-02-11,WashU,Rochester,Away,70,200,28-58,48.27586206896552,6-14,42.85714285714285,8-18,44.44444444444444,8,31,39,14,10,2,14,24,16,4,42,11,21,True
WBB,2024-02-11,Washington-St. Louis,Rochester,Away,70,200,28-58,48.27586206896552,6-14,42.85714285714285,8-18,44.44444444444444,8,31,39,14,10,2,14,24,16,4,42,11,21,False
WBB,2024-02-16,Brandeis,Chicago,Away,51,200,20-62,32.25806451612903,6-27,22.22222222222222,5-6,83.33333333333333,8,28,36,8,8,4,16,12,13,3,26,8,25,True
WBB,2024-02-16,Carnegie Mellon,Rochester,Home,78,200,31-72,43.05555555555556,8-21,38.095238095238095,8-10,80.0,15,41,56,17,6,5,13,11,15,17,36,4,18,True
WBB,2024-02-16,Case Western,Emory,Home,71,200,25-63,39.68253968253968,7-22,31.818181818181817,14-15,93.33333333333331,14,23,37,14,8,1,16,15,18,15,32,5,13,True
WBB,2024-02-16,Chicago,Brandeis,Home,63,200,25-63,39.68253968253968,6-19,31.57894736842105,7-10,70.0,12,33,45,8,9,3,18,9,21,9,30,6,20,True
WBB,2024-02-16,Emory,Case Western,Away,83,200,29-62,46.774193548387096,13-21,61.90476190476191,12-16,75.0,12,25,37,21,5,2,16,10,15,5,16,8,7,True
WBB,2024-02-16,NYU,WashU,Away,80,200,31-52,59.61538461538461,4-8,50.0,14-19,73.6842105263158,9,23,32,9,8,7,14,16,22,12,54,11,12,True
WBB,2024-02-16,Rochester,Carnegie Mellon,Away,41,200,18-71,25.35211267605634,2-16,12.5,3-10,30.0,15,27,42,7,6,4,13,9,10,6,30,0,13,True
WBB,2024-02-16,WashU,NYU,Home,56,200,22-55,40.0,4-15,26.666666666666668,8-12,66.66666666666667,9,12,21,9,6,2,15,22,9,12,32,2,17,True
WBB,2024-02-18,Brandeis,WashU,Away,30,200,7-56,12.5,0-23,0.0,16-24,66.66666666666667,9,17,26,3,5,3,12,23,5,3,10,2,7,True
WBB,2024-02-18,Carnegie Mellon,Emory,Home,54,200,23-61,37.704918032786885,4-14,28.571428571428573,4-8,50.0,13,26,39,11,9,1,15,9,9,9,34,2,42,True
WBB,2024-02-18,Case Western,Rochester,Home,83,200,30-70,42.85714285714285,8-25,32.0,15-16,93.75,10,22,32,15,5,2,9,20,12,13,38,5,16,True
WBB,2024-02-18,Chicago,NYU,Home,76,200,25-66,37.87878787878788,8-21,38.095238095238095,18-22,81.81818181818181,14,21,35,16,8,2,10,19,24,14,24,6,25,True
WBB,2024-02-18,Emory,Carnegie Mellon,Away,72,200,30-71,42.25352112676056,11-33,33.333333333333336,1-1,100.0,14,27,41,28,8,2,10,14,14,8,22,8,28,True
WBB,2024-02-18,NYU,Chicago,Away,82,200,31-58,53.44827586206897,6-16,37.5,14-19,73.6842105263158,9,28,37,13,6,12,15,20,17,8,46,15,22,True
WBB,2024-02-18,Rochester,Case Western,Away,68,200,25-59,42.3728813559322,6-23,26.08695652173913,12-21,57.142857142857146,12,30,42,13,4,4,17,18,0,16,24,4,15,True
WBB,2024-02-18,WashU,Brandeis,Home,77,200,27-58,46.55172413793103,5-13,38.46153846153846,18-23,78.26086956521739,13,36,49,9,6,1,11,21,14,15,44,15,29,True
WBB,2024-02-2023,Emory,Rochester,Home,78,200,31-67,46.26865671641791,10-23,43.47826086956522,6-6,100.0,6,26,32,16,5,4,9,12,7,2,32,12,21,True
WBB,2024-02-2023,Rochester,Emory,Away,80,200,33-69,47.82608695652174,4-11,36.36363636363637,10-13,76.92307692307692,11,30,41,19,6,6,9,8,10,14,52,8,19,True
WBB,2024-02-23,Emory,Rochester,Home,78,200,31-67,46.26865671641791,10-23,43.47826086956522,6-6,100.0,6,26,32,16,5,4,9,12,7,2,32,12,21,True
WBB,2024-02-23,Rochester,Emory,Away,80,200,33-69,47.82608695652174,4-11,36.36363636363637,10-13,76.92307692307692,11,30,41,19,6,6,9,8,10,14,52,8,19,True
WBB,2024-02-24,Brandeis,NYU,Home,54,200,18-48,37.5,8-24,33.333333333333336,10-12,83.33333333333333,5,24,29,8,3,2,16,16,9,5,10,0,19,True
WBB,2024-02-24,Carnegie Mellon,Case Western,Away,52,200,23-69,33.333333333333336,2-23,8.695652173913043,4-5,80.0,17,26,43,14,3,1,15,10,8,18,26,4,20,True
WBB,2024-02-24,Case Western,Carnegie Mellon,Home,63,200,25-63,39.68253968253968,8-24,33.333333333333336,5-11,45.45454545454545,15,27,42,11,9,3,12,7,16,12,26,8,14,True
WBB,2024-02-24,Chicago,WashU,Away,58,200,21-64,32.8125,6-18,33.333333333333336,10-17,58.8235294117647,6,24,30,7,8,1,14,20,21,12,28,6,5,True
WBB,2024-02-24,NYU,Brandeis,Away,81,200,30-65,46.15384615384615,9-21,42.85714285714285,12-14,85.71428571428571,12,26,38,15,5,3,9,19,21,8,34,0,14,True
WBB,2024-02-24,WashU,Chicago,Home,75,200,28-57,49.12280701754386,5-12,41.66666666666666,14-26,53.84615384615385,6,31,37,10,4,5,18,20,13,5,44,10,37,True
WBB,2023-11-08,Allegheny,Carnegie Mellon,Away,43,200,15-60,25.0,3-18,16.666666666666668,10-15,66.66666666666667,7,22,29,10,7,3,13,12,10,4,18,9,4,False
WBB,2023-11-08,Benedictine (IL),Chicago,Away,48,200,21-63,33.333333333333336,5-18,27.77777777777778,1-6,16.666666666666668,11,22,33,11,11,1,18,18,15,2,18,8,14,False
WBB,2023-11-08,Carnegie Mellon,Allegheny,Home,80,200,32-73,43.83561643835616,5-19,26.31578947368421,11-13,84.61538461538461,20,38,58,16,9,4,13,12,13,22,46,12,25,False
WBB,2023-11-08,Chicago,Benedictine (IL),Home,91,200,32-61,52.459016393442624,9-19,47.36842105263158,18-22,81.81818181818181,9,34,43,13,12,6,12,10,19,8,32,20,37,False
WBB,2023-11-10,Allegheny,Rochester,Away,55,200,23-62,37.096774193548384,6-20,30.0,3-4,75.0,5,24,29,10,8,5,14,14,11,4,28,7,14,False
WBB,2023-11-10,Brandeis,Wellesley,Home,61,200,22-67,32.83582089552239,9-30,30.0,8-11,72.72727272727273,22,37,59,13,4,1,20,17,14,16,22,0,25,False
WBB,2023-11-10,Carnegie Mellon,Wash. & Jeff.,Away,60,200,26-72,36.11111111111112,3-19,15.789473684210526,5-14,35.714285714285715,19,24,43,13,8,0,12,6,9,16,28,6,13,False
WBB,2023-11-10,Johns Hopkins,WashU,Home,69,200,25-69,36.231884057971016,5-20,25.0,14-23,60.869565217391305,21,27,48,16,10,2,17,21,23,13,32,4,14,False
WBB,2023-11-10,MIT,NYU,Away,55,200,16-55,29.09090909090909,3-13,23.07692307692308,20-26,76.92307692307692,17,15,32,5,4,2,26,20,7,10,18,4,15,False
WBB,2023-11-10,NYU,MIT,Home,88,200,36-73,49.31506849315068,4-19,21.05263157894737,12-17,70.58823529411765,22,24,46,20,11,6,17,22,27,20,60,16,40,False
WBB,2023-11-10,Rochester,Allegheny,Home,72,200,27-67,40.298507462686565,5-22,22.727272727272727,13-17,76.47058823529412,16,32,48,16,8,6,14,12,12,8,42,4,20,False
WBB,2023-11-10,Wash. & Jeff.,Carnegie Mellon,Home,70,200,28-66,42.42424242424242,10-25,40.0,4-6,66.66666666666667,16,33,49,21,6,1,13,19,11,20,20,2,15,False
WBB,2023-11-10,WashU,Johns Hopkins,Away,56,200,20-55,36.36363636363637,3-15,20.0,13-21,61.90476190476191,13,26,39,9,5,4,23,23,8,4,28,10,35,False
WBB,2023-11-10,Wellesley,Brandeis,Away,38,200,16-65,24.615384615384617,1-11,9.090909090909092,5-8,62.5,12,24,36,8,4,4,12,13,13,6,8,0,3,False
WBB,2023-11-11,Baldwin Wallace,Rochester,Away,66,200,22-57,38.59649122807018,10-23,43.47826086956522,12-18,66.66666666666667,7,31,38,13,7,2,13,17,17,8,24,2,16,False
WBB,2023-11-11,Brandeis,Oberlin,Home,46,200,12-59,20.338983050847457,6-19,31.57894736842105,16-18,88.88888888888889,19,27,46,8,5,2,19,17,6,13,10,0,26,False
WBB,2023-11-11,Carnegie Mellon,Pitt.-Greensburg,Home,83,200,35-68,51.47058823529412,7-22,31.818181818181817,6-11,54.54545454545455,16,35,51,21,7,3,14,5,16,10,42,18,45,False
WBB,2023-11-11,Case Western,Waynesburg,Away,69,200,26-74,35.13513513513514,6-31,19.35483870967742,11-16,68.75,21,34,55,9,12,4,21,23,25,14,32,13,45,False
WBB,2023-11-11,Chicago,Pomona-Pitzer,Home,82,200,32-75,42.66666666666666,8-27,29.62962962962963,10-19,52.63157894736842,24,30,54,20,10,5,13,23,8,19,46,9,31,False
WBB,2023-11-11,Chris. Newport,Emory,Home,57,200,23-66,34.84848484848485,1-14,7.142857142857143,10-16,62.5,17,18,35,8,12,0,12,8,25,13,30,6,17,False
WBB,2023-11-11,Emory,Chris. Newport,Away,47,200,20-49,40.81632653061224,3-11,27.27272727272728,4-5,80.0,10,27,37,9,5,2,24,17,13,7,22,6,10,False
WBB,2023-11-11,Johns Hopkins,NYU,Away,52,200,19-69,27.536231884057973,8-24,33.333333333333336,6-14,42.85714285714285,12,22,34,11,4,2,11,20,7,11,18,6,24,False
WBB,2023-11-11,MIT,WashU,Home,70,200,26-63,41.26984126984127,6-20,30.0,12-15,80.0,12,28,40,16,11,2,20,16,10,7,32,15,7,False
WBB,2023-11-11,NYU,Johns Hopkins,Home,72,200,27-59,45.76271186440678,5-15,33.333333333333336,13-24,54.16666666666666,16,44,60,16,7,8,18,13,15,12,44,10,3,False
WBB,2023-11-11,Oberlin,Brandeis,Away,77,200,28-68,41.1764705882353,11-28,39.285714285714285,10-13,76.92307692307692,13,28,41,19,8,8,8,18,20,11,14,0,24,False
WBB,2023-11-11,Pitt.-Greensburg,Carnegie Mellon,Away,51,200,21-58,36.206896551724135,9-23,39.130434782608695,0-2,0.0,3,20,23,10,5,0,14,10,14,0,20,9,7,False
WBB,2023-11-11,Pomona-Pitzer,Chicago,Away,66,200,22-62,35.483870967741936,5-21,23.80952380952381,17-21,80.95238095238095,10,22,32,7,6,1,14,16,15,9,26,0,9,False
WBB,2023-11-11,Rochester,Baldwin Wallace,Home,61,200,22-57,38.59649122807018,5-18,27.77777777777778,12-19,63.1578947368421,10,30,40,15,7,5,14,15,5,7,34,3,14,False
WBB,2023-11-11,WashU,MIT,Away,58,200,22-58,37.93103448275862,4-18,22.22222222222222,10-14,71.42857142857143,9,28,37,17,5,0,23,13,14,9,32,7,15,False
WBB,2023-11-11,Waynesburg,Case Western,Home,49,200,17-64,26.5625,6-25,24.0,9-22,40.90909090909091,15,31,46,9,9,1,22,20,13,9,16,11,31,False
WBB,2023-11-12,Chicago,Denison,Home,85,200,30-59,50.84745762711864,3-15,20.0,22-31,70.96774193548387,12,31,43,20,13,2,23,22,23,10,36,14,25,False
WBB,2023-11-12,Denison,Chicago,Away,69,200,25-65,38.46153846153846,5-17,29.41176470588235,14-20,70.0,11,16,27,13,9,0,20,22,15,17,28,3,23,False
WBB,2023-11-12,Emory,N.C. Wesleyan,Away,81,200,32-60,53.333333333333336,7-18,38.888888888888886,10-15,66.66666666666667,10,29,39,19,10,4,16,18,32,0,48,16,41,False
WBB,2023-11-12,N.C. Wesleyan,Emory,Home,44,200,12-45,26.666666666666668,4-20,20.0,16-22,72.72727272727273,6,21,27,6,9,3,20,17,10,4,14,2,11,False
WBB,2023-11-13,Case Western,Marietta,Home,45,200,16-60,26.666666666666668,2-27,7.407407407407407,11-15,73.33333333333333,11,20,31,9,9,3,15,15,11,8,26,2,22,False
WBB,2023-11-13,Marietta,Case Western,Away,73,200,28-61,45.90163934426229,5-20,25.0,12-15,80.0,14,35,49,13,11,1,16,19,13,11,40,7,37,False
WBB,2023-11-14,Brandeis,Eastern Nazarene,Home,59,200,18-60,30.0,12-36,33.333333333333336,11-20,55.0,17,33,50,17,5,3,26,17,17,10,2,0,20,False
WBB,2023-11-14,Eastern Nazarene,Brandeis,Away,70,200,27-75,36.0,8-20,40.0,8-9,88.88888888888889,15,29,44,13,15,4,15,22,24,13,32,0,18,False
WBB,2023-11-14,Emory,LaGrange,Home,85,200,32-63,50.79365079365079,12-26,46.15384615384615,9-10,90.0,11,32,43,20,8,5,24,23,24,7,28,6,25,False
WBB,2023-11-14,LaGrange,Emory,Away,64,200,22-66,33.333333333333336,3-20,15.0,17-30,56.66666666666666,16,18,34,8,8,2,17,15,20,11,32,1,19,False
WBB,2023-11-15,Greenville,WashU,Away,43,200,12-38,31.57894736842105,1-9,11.11111111111111,18-22,81.81818181818181,5,28,33,7,11,1,27,19,15,6,18,7,15,False
WBB,2023-11-15,WashU,Greenville,Home,61,200,24-64,37.5,9-30,30.0,4-11,36.36363636363637,17,22,39,15,14,3,20,20,27,20,26,7,31,False
WBB,2023-11-16,Nazareth,Rochester,Home,47,200,18-58,31.03448275862069,3-8,37.5,8-12,66.66666666666667,9,30,39,11,5,6,18,19,7,0,24,4,10,False
WBB,2023-11-16,Rochester,Nazareth,Away,53,200,17-58,29.310344827586206,1-15,6.666666666666667,18-27,66.66666666666667,16,34,50,10,12,4,16,14,16,15,30,6,7,False
WBB,2023-11-17,Case Western,Penn St. Harrisburg,Away,70,200,23-62,37.096774193548384,8-25,32.0,16-23,69.56521739130434,16,34,50,17,7,2,16,15,11,26,24,13,43,False
WBB,2023-11-17,Kean,NYU,Home,36,200,14-53,26.41509433962264,3-17,17.647058823529413,5-13,38.46153846153846,7,16,23,5,6,2,19,16,9,2,18,5,8,False
WBB,2023-11-17,NYU,Kean,Away,80,200,35-66,53.03030303030303,2-16,12.5,8-14,57.142857142857146,18,34,52,19,8,4,18,11,22,15,58,21,45,False
WBB,2023-11-17,Penn St. Harrisburg,Case Western,Home,61,200,22-66,33.333333333333336,10-42,23.80952380952381,7-10,70.0,10,25,35,16,10,2,12,21,13,8,24,13,21,False
WBB,2023-11-18,Brandeis,Tufts,Away,61,200,22-66,33.333333333333336,7-31,22.580645161290324,10-13,76.92307692307692,13,23,36,9,3,3,15,18,8,18,24,0,23,False
WBB,2023-11-18,Capital,Carnegie Mellon,Away,76,200,25-69,36.231884057971016,12-26,46.15384615384615,14-18,77.77777777777777,14,27,41,12,8,5,12,16,12,13,24,2,17,False
WBB,2023-11-18,Carnegie Mellon,Capital,Home,81,200,31-69,44.927536231884055,12-30,40.0,7-12,58.333333333333336,12,32,44,24,6,5,12,16,17,10,34,6,46,False
WBB,2023-11-18,Carthage,Chicago,Home,62,200,24-66,36.36363636363637,8-20,40.0,6-12,50.0,14,23,37,17,8,2,16,16,14,11,26,4,10,False
WBB,2023-11-18,Case Western,Marymount (VA),Away,57,200,20-53,37.735849056603776,3-14,21.428571428571427,14-15,93.33333333333331,8,18,26,12,7,5,13,15,13,7,22,7,22,False
WBB,2023-11-18,Chicago,Carthage,Away,79,200,25-58,43.10344827586207,13-29,44.82758620689656,16-17,94.11764705882354,10,28,38,11,9,5,16,11,22,13,24,10,12,False
WBB,2023-11-18,Emory,Swarthmore,Home,84,200,31-66,46.96969696969697,16-42,38.095238095238095,6-13,46.15384615384615,14,32,46,23,8,4,13,19,21,27,22,5,29,False
WBB,2023-11-18,Marymount (VA),Case Western,Home,70,200,25-59,42.3728813559322,7-19,36.8421052631579,13-18,72.22222222222223,17,23,40,13,7,2,13,13,11,13,28,11,5,False
WBB,2023-11-18,Rochester,St. John Fisher,Away,62,200,23-65,35.38461538461539,5-21,23.80952380952381,11-19,57.89473684210526,17,30,47,12,5,3,16,17,17,8,28,2,10,False
WBB,2023-11-18,St. John Fisher,Rochester,Home,72,200,25-61,40.98360655737705,10-20,50.0,12-18,66.66666666666667,8,30,38,13,7,4,12,13,15,8,20,4,4,False
WBB,2023-11-18,Swarthmore,Emory,Away,49,200,17-50,34.0,2-9,22.22222222222222,13-20,65.0,5,21,26,7,8,0,18,15,9,0,22,4,14,False
WBB,2023-11-18,Tufts,Brandeis,Home,88,200,34-68,50.0,10-24,41.66666666666666,10-16,62.5,14,33,47,24,3,3,13,18,17,17,42,6,36,False
WBB,2023-11-19,Berry,Emory,Away,53,200,20-57,35.08771929824562,6-21,28.571428571428573,7-13,53.84615384615385,11,21,32,8,13,3,18,17,8,8,22,0,17,False
WBB,2023-11-19,Colorado Col.,NYU,Away,54,200,21-61,34.42622950819672,1-11,9.090909090909092,11-20,55.0,16,28,44,12,8,4,23,19,2,14,38,5,23,False
WBB,2023-11-19,Emory,Berry,Home,65,200,24-55,43.63636363636363,7-27,25.925925925925927,10-15,66.66666666666667,11,27,38,17,9,4,19,14,19,14,24,7,29,False
WBB,2023-11-19,NYU,Colorado Col.,Home,80,200,30-73,41.0958904109589,6-23,26.08695652173913,14-17,82.3529411764706,17,27,44,22,7,11,15,18,26,17,46,19,25,False
WBB,2023-11-21,Babson,Brandeis,Home,79,201,29-67,43.28358208955224,7-21,33.333333333333336,14-19,73.6842105263158,16,33,49,12,9,5,12,18,23,15,38,16,16,False
WBB,2023-11-21,Brandeis,Babson,Away,44,200,15-63,23.80952380952381,6-27,22.22222222222222,8-14,57.142857142857146,18,22,40,8,3,7,17,18,5,13,18,2,25,False
WBB,2023-11-21,Carnegie Mellon,Pitt.-Greensburg,Home,70,200,28-68,41.1764705882353,8-24,33.333333333333336,6-6,100.0,8,37,45,19,12,4,18,9,22,8,40,11,26,False
WBB,2023-11-21,Carroll (WI),Chicago,Home,68,225,23-68,33.8235294117647,5-19,26.31578947368421,17-19,89.47368421052632,14,25,39,15,10,1,15,19,13,16,30,8,15,False
WBB,2023-11-21,Case Western,John Carroll,Away,66,200,27-76,35.526315789473685,2-21,9.523809523809524,10-14,71.42857142857143,13,16,29,11,6,4,7,18,16,14,38,4,26,False
WBB,2023-11-21,Chicago,Carroll (WI),Away,74,225,30-69,43.47826086956522,8-25,32.0,6-13,46.15384615384615,16,33,49,13,10,1,19,19,16,21,36,13,18,False
WBB,2023-11-21,John Carroll,Case Western,Home,81,200,29-57,50.87719298245614,8-16,50.0,15-24,62.5,6,33,39,10,4,4,17,17,2,15,34,6,10,False
WBB,2023-11-21,Pitt.-Greensburg,Carnegie Mellon,Away,42,200,18-60,30.0,2-15,13.333333333333334,4-11,36.36363636363637,7,32,39,8,12,0,20,10,11,8,26,6,17,False
WBB,2023-11-21,Rochester,William Smith,Home,83,200,29-62,46.774193548387096,6-15,40.0,19-25,76.0,11,27,38,13,8,4,17,17,19,9,46,16,15,False
WBB,2023-11-21,William Smith,Rochester,Away,72,200,28-68,41.1764705882353,3-16,18.75,13-18,72.22222222222223,17,25,42,10,8,2,21,21,20,25,46,2,14,False
WBB,2023-11-22,NYU,Whittier,Home,54,200,20-48,41.66666666666666,7-24,29.166666666666668,7-13,53.84615384615385,8,24,32,14,3,7,22,12,13,10,22,8,13,False
WBB,2023-11-22,Whittier,NYU,Away,46,200,19-51,37.25490196078432,1-9,11.11111111111111,7-10,70.0,9,22,31,10,8,0,20,18,12,4,32,0,0,False
WBB,2023-11-25,DePauw,WashU,Home,59,200,19-66,28.78787878787879,4-24,16.666666666666668,17-24,70.83333333333333,19,21,40,5,7,4,9,19,9,18,22,8,25,False
WBB,2023-11-25,Emory,Wash. & Lee,Away,86,200,29-66,43.93939393939394,9-21,42.85714285714285,19-24,79.16666666666667,13,30,43,12,9,3,20,15,19,10,32,18,21,False
WBB,2023-11-25,Wash. & Lee,Emory,Home,78,200,31-81,38.27160493827161,3-19,15.789473684210526,13-17,76.47058823529412,18,27,45,14,8,4,16,18,24,13,54,8,8,False
WBB,2023-11-25,WashU,DePauw,Away,72,200,28-56,50.0,6-17,35.294117647058826,10-17,58.8235294117647,10,33,43,18,1,2,14,20,10,10,42,4,30,False
WBB,2023-11-26,Allegheny,Case Western,Home,55,200,22-59,37.28813559322034,7-18,38.888888888888886,4-6,66.66666666666667,11,23,34,13,4,2,16,13,9,6,30,2,12,False
WBB,2023-11-26,Case Western,Allegheny,Away,73,200,29-62,46.774193548387096,7-17,41.1764705882353,8-14,57.142857142857146,12,25,37,20,9,4,8,8,24,8,34,9,18,False
WBB,2023-11-26,Chicago,North Central (IL),Home,92,200,36-67,53.73134328358209,7-18,38.888888888888886,13-22,59.09090909090909,15,42,57,26,13,4,18,13,18,13,50,26,47,False
WBB,2023-11-26,Ill. Wesleyan,WashU,Away,87,225,31-73,42.465753424657535,9-31,29.032258064516128,16-30,53.333333333333336,20,19,39,19,9,3,16,17,28,23,34,10,10,False
WBB,2023-11-26,NYU,Ramapo,Home,96,200,38-74,51.35135135135136,13-33,39.39393939393939,7-9,77.77777777777777,13,33,46,29,7,2,10,15,20,14,48,22,40,False
WBB,2023-11-26,North Central (IL),Chicago,Away,45,200,17-62,27.41935483870968,4-19,21.05263157894737,7-12,58.333333333333336,6,20,26,5,7,0,20,20,10,7,22,5,24,False
WBB,2023-11-26,Ramapo,NYU,Away,54,200,21-62,33.87096774193548,3-18,16.666666666666668,9-15,60.0,11,25,36,12,8,2,16,13,11,11,22,3,25,False
WBB,2023-11-26,WashU,Ill. Wesleyan,Home,80,225,32-64,50.0,5-22,22.727272727272727,11-13,84.61538461538461,15,25,40,20,5,1,26,26,15,18,50,8,31,False
WBB,2023-11-27,Brandeis,Roger Williams,Home,58,200,18-70,25.714285714285715,9-32,28.125,13-20,65.0,18,33,51,11,6,4,11,20,10,12,16,0,26,False
WBB,2023-11-27,Roger Williams,Brandeis,Away,64,200,21-60,35.0,3-17,17.647058823529413,19-27,70.37037037037037,10,36,46,16,4,9,12,14,12,3,30,0,24,False
WBB,2023-11-28,Case Western,Mount Union,Home,63,200,22-51,43.13725490196079,6-26,23.07692307692308,13-19,68.42105263157895,11,33,44,15,5,7,22,16,9,10,28,11,14,False
WBB,2023-11-28,Emory,Oglethorpe,Home,88,200,31-66,46.96969696969697,13-25,52.0,13-15,86.66666666666667,13,20,33,20,15,6,11,15,32,12,22,14,39,False
WBB,2023-11-28,Mount Union,Case Western,Away,59,200,21-64,32.8125,7-27,25.925925925925927,10-14,71.42857142857143,12,21,33,15,9,0,14,15,18,2,24,5,28,False
WBB,2023-11-28,Oglethorpe,Emory,Away,43,200,18-52,34.61538461538461,2-17,11.764705882352942,5-12,41.66666666666666,14,18,32,8,4,1,26,16,10,15,24,4,19,False
WBB,2023-11-28,Rochester,SUNY Brockport,Home,57,200,23-74,31.08108108108108,6-30,20.0,5-11,45.45454545454545,21,31,52,15,9,5,16,16,11,15,26,10,18,False
WBB,2023-11-28,SUNY Brockport,Rochester,Away,61,200,23-57,40.35087719298246,4-8,50.0,11-19,57.89473684210526,7,31,38,7,10,2,14,15,15,4,28,10,9,False
WBB,2023-11-29,Chicago,North Park,Home,90,200,32-61,52.459016393442624,8-18,44.44444444444444,18-21,85.71428571428571,8,33,41,19,7,3,7,13,20,12,42,22,35,False
WBB,2023-11-29,North Park,Chicago,Away,57,200,18-57,31.57894736842105,9-24,37.5,12-15,80.0,6,22,28,11,3,1,15,13,4,10,14,0,11,False
WBB,2023-11-30,Brandeis,Rivier,Away,72,200,27-71,38.0281690140845,5-27,18.51851851851852,13-18,72.22222222222223,13,28,41,12,10,2,10,18,15,16,36,7,17,False
WBB,2023-11-30,Carnegie Mellon,Grove City,Away,70,200,27-75,36.0,6-25,24.0,10-21,47.61904761904762,17,32,49,12,12,4,15,6,20,15,40,7,23,False
WBB,2023-11-30,Grove City,Carnegie Mellon,Home,58,200,25-68,36.76470588235294,5-18,27.77777777777778,3-5,60.0,12,37,49,14,8,5,18,19,12,10,34,12,13,False
WBB,2023-11-30,Rivier,Brandeis,Home,63,200,20-70,28.571428571428573,7-33,21.21212121212121,16-21,76.19047619047619,18,28,46,12,5,4,13,18,14,16,18,6,15,False
WBB,2023-12-01,Case Western,Kenyon,Home,72,200,28-58,48.27586206896552,9-19,47.36842105263158,7-14,50.0,11,32,43,21,9,3,13,10,19,9,30,16,33,False
WBB,2023-12-01,Hanover,WashU,Away,75,200,30-77,38.96103896103896,7-19,36.8421052631579,8-15,53.333333333333336,10,26,36,12,8,3,2,14,11,12,30,8,35,False
WBB,2023-12-01,Kenyon,Case Western,Away,29,200,12-50,24.0,1-13,7.6923076923076925,4-6,66.66666666666667,6,22,28,3,3,4,19,13,8,2,18,0,1,False
WBB,2023-12-01,WashU,Hanover,Home,86,200,33-72,45.833333333333336,10-25,40.0,10-19,52.63157894736842,18,39,57,21,1,4,14,15,2,18,46,8,39,False
WBB,2023-12-02,Brandeis,MIT,Away,60,200,23-55,41.81818181818182,7-21,33.333333333333336,7-11,63.63636363636363,11,27,38,8,5,2,21,22,7,4,22,0,23,False
WBB,2023-12-02,Carnegie Mellon,Denison,Home,73,200,24-62,38.70967741935484,8-22,36.36363636363637,17-19,89.47368421052632,8,25,33,15,5,2,10,17,13,9,26,4,13,False
WBB,2023-12-02,Chicago,Wis.-Whitewater,Away,63,200,24-63,38.095238095238095,8-24,33.333333333333336,7-13,53.84615384615385,9,30,39,11,9,3,16,16,5,7,24,2,7,False
WBB,2023-12-02,Denison,Carnegie Mellon,Away,80,200,31-67,46.26865671641791,7-17,41.1764705882353,11-17,64.70588235294117,14,31,45,20,3,3,12,20,16,12,44,2,25,False
WBB,2023-12-02,MIT,Brandeis,Home,77,200,28-66,42.42424242424242,5-18,27.77777777777778,16-28,57.142857142857146,16,22,38,11,10,3,9,12,26,18,34,0,25,False
WBB,2023-12-02,WashU,Wis.-Oshkosh,Home,60,200,23-44,52.27272727272727,5-10,50.0,9-13,69.23076923076923,7,19,26,13,3,3,16,15,11,4,32,5,13,False
WBB,2023-12-02,Wis.-Oshkosh,WashU,Away,73,200,22-52,42.30769230769231,13-23,56.52173913043478,16-18,88.88888888888889,10,13,23,14,7,3,10,13,18,10,18,7,28,False
WBB,2023-12-02,Wis.-Whitewater,Chicago,Home,74,200,29-70,41.42857142857143,7-24,29.166666666666668,9-15,60.0,15,34,49,16,6,5,14,15,8,7,40,6,13,False
WBB,2023-12-03,Connecticut Col.,NYU,Home,61,200,22-49,44.89795918367347,6-12,50.0,11-13,84.61538461538461,5,22,27,12,6,5,20,15,2,2,18,3,37,False
WBB,2023-12-03,Emory,Rhodes,Home,64,200,28-66,42.42424242424242,6-16,37.5,2-8,25.0,6,30,36,18,9,8,10,10,18,2,26,6,14,False
WBB,2023-12-03,NYU,Connecticut Col.,Away,87,200,32-63,50.79365079365079,11-28,39.285714285714285,12-16,75.0,9,23,32,20,13,8,10,18,21,10,30,11,49,False
WBB,2023-12-03,Rhodes,Emory,Away,51,200,18-63,28.571428571428573,4-13,30.76923076923077,11-13,84.61538461538461,14,35,49,9,3,5,17,9,9,8,18,2,22,False
WBB,2023-12-04,Carnegie Mellon,Geneva,Home,103,200,35-70,50.0,8-23,34.78260869565217,25-34,73.52941176470588,15,38,53,28,7,3,20,15,26,15,52,19,36,False
WBB,2023-12-04,Geneva,Carnegie Mellon,Away,74,200,25-75,33.333333333333336,11-32,34.375,13-23,56.52173913043478,17,22,39,11,11,2,23,22,16,15,20,2,20,False
WBB,2023-12-05,Brandeis,Salem St.,Away,88,200,31-84,36.90476190476191,15-38,39.47368421052632,11-16,68.75,26,42,68,16,3,4,13,21,9,13,26,4,53,False
WBB,2023-12-05,Emory,Piedmont,Away,69,200,30-66,45.45454545454545,5-21,23.80952380952381,4-4,100.0,9,23,32,18,9,4,16,16,33,11,42,14,22,False
WBB,2023-12-05,Piedmont,Emory,Home,54,200,22-59,37.28813559322034,2-12,16.666666666666668,8-13,61.53846153846154,15,25,40,11,10,1,25,11,9,13,36,4,9,False
WBB,2023-12-05,Salem St.,Brandeis,Home,72,200,23-85,27.058823529411764,5-18,27.77777777777778,21-28,75.0,22,28,50,11,9,2,5,15,14,22,34,0,2,False
WBB,2023-12-06,Ithaca,Rochester,Home,62,200,26-70,37.142857142857146,2-12,16.666666666666668,8-11,72.72727272727273,18,30,48,7,11,7,15,11,16,14,36,7,7,False
WBB,2023-12-06,Rochester,Ithaca,Away,54,200,22-63,34.92063492063492,3-20,15.0,7-14,50.0,15,28,43,9,10,5,18,10,9,10,38,4,24,False
WBB,2023-12-07,Brandeis,Bridgewater St.,Home,80,200,29-76,38.1578947368421,13-35,37.142857142857146,9-13,69.23076923076923,18,22,40,18,7,3,14,15,10,15,22,0,23,False
WBB,2023-12-07,Bridgewater St.,Brandeis,Away,79,200,31-65,47.69230769230769,5-13,38.46153846153846,12-21,57.142857142857146,17,30,47,18,5,3,18,14,17,20,40,0,8,False
WBB,2023-12-09,Carnegie Mellon,Wooster,Home,81,200,30-66,45.45454545454545,8-18,44.44444444444444,13-14,92.85714285714286,13,44,57,17,14,7,13,14,17,11,38,20,30,False
WBB,2023-12-09,Case Western,Denison,Away,51,200,20-65,30.76923076923077,5-18,27.77777777777778,6-8,75.0,15,30,45,13,5,3,15,12,2,15,24,5,7,False
WBB,2023-12-09,Denison,Case Western,Home,52,200,21-60,35.0,5-21,23.80952380952381,5-10,50.0,10,29,39,11,6,6,13,8,14,3,26,10,20,False
WBB,2023-12-09,Dubuque,WashU,Home,54,200,21-50,42.0,7-16,43.75,5-11,45.45454545454545,4,26,30,13,6,4,15,18,17,2,28,5,19,False
WBB,2023-12-09,Hamilton,Rochester,Away,64,200,21-60,35.0,5-17,29.41176470588235,17-19,89.47368421052632,9,30,39,8,7,2,10,16,8,11,24,1,14,False
WBB,2023-12-09,NYU,Tufts,Home,79,200,27-57,47.36842105263158,4-13,30.76923076923077,21-27,77.77777777777777,12,32,44,16,3,6,13,11,9,18,42,14,18,False
WBB,2023-12-09,Rochester,Hamilton,Home,63,200,23-63,36.507936507936506,3-23,13.043478260869565,14-19,73.6842105263158,12,31,43,9,4,7,13,16,5,9,36,9,25,False
WBB,2023-12-09,Tufts,NYU,Away,63,200,26-69,37.68115942028985,8-30,26.666666666666668,3-7,42.85714285714285,13,21,34,13,8,2,12,25,15,13,28,0,7,False
WBB,2023-12-09,WashU,Dubuque,Away,63,200,21-58,36.206896551724135,11-25,44.0,10-15,66.66666666666667,14,27,41,15,10,4,13,15,9,7,20,5,31,False
WBB,2023-12-09,Wooster,Carnegie Mellon,Away,31,200,11-65,16.923076923076923,2-26,7.6923076923076925,7-12,58.333333333333336,13,24,37,1,7,2,18,15,12,4,14,0,0,False
WBB,2023-12-12,Brooklyn,NYU,Away,46,200,18-66,27.27272727272728,6-20,30.0,4-7,57.142857142857146,9,26,35,9,7,7,20,15,8,9,16,4,8,False
WBB,2023-12-12,NYU,Brooklyn,Home,91,200,37-75,49.333333333333336,7-18,38.888888888888886,10-13,76.92307692307692,14,41,55,29,11,11,15,8,29,18,56,33,55,False
WBB,2023-12-16,Chicago,Ill. Wesleyan,Home,63,200,24-61,39.34426229508197,4-23,17.391304347826086,11-20,55.0,8,32,40,10,10,3,17,24,14,9,28,8,16,False
WBB,2023-12-16,Fontbonne,WashU,Away,51,200,18-65,27.692307692307693,10-37,27.027027027027028,5-8,62.5,13,19,32,10,5,1,14,9,3,8,12,5,3,False
WBB,2023-12-16,Ill. Wesleyan,Chicago,Away,73,200,25-67,37.3134328358209,8-29,27.58620689655172,15-21,71.42857142857143,13,33,46,11,5,3,15,18,14,7,26,5,7,False
WBB,2023-12-16,WashU,Fontbonne,Home,93,200,38-75,50.66666666666666,9-29,31.03448275862069,8-12,66.66666666666667,20,33,53,22,9,3,7,10,26,20,58,12,32,False
WBB,2023-12-20,Case Western,Emmanuel (MA),Home,74,225,23-76,30.26315789473684,5-27,18.51851851851852,23-37,62.16216216216216,16,29,45,10,11,1,9,25,19,8,30,11,18,False
WBB,2023-12-20,Emmanuel (MA),Case Western,Away,73,225,24-66,36.36363636363637,4-13,30.76923076923077,21-34,61.76470588235294,12,40,52,11,1,2,21,21,0,15,34,19,23,False
WBB,2023-12-21,Case Western,Norwich,Home,73,200,24-66,36.36363636363637,11-35,31.428571428571427,14-20,70.0,12,22,34,15,6,1,8,13,26,12,22,4,16,False
WBB,2023-12-21,Norwich,Case Western,Away,60,200,22-50,44.0,6-19,31.57894736842105,10-15,66.66666666666667,4,27,31,13,3,1,18,16,7,2,22,4,11,False
WBB,2023-12-29,Carnegie Mellon,Trine,Away,57,200,25-66,37.87878787878788,6-23,26.08695652173913,1-1,100.0,14,25,39,15,12,6,22,9,20,12,32,7,20,False
WBB,2023-12-29,Chicago,Johns Hopkins,Home,79,200,26-63,41.26984126984127,7-19,36.8421052631579,20-28,71.42857142857143,10,34,44,13,7,5,20,25,9,6,28,19,24,False
WBB,2023-12-29,Johns Hopkins,Chicago,Away,88,200,29-72,40.27777777777778,9-24,37.5,21-28,75.0,11,31,42,17,6,4,13,19,21,7,22,17,22,False
WBB,2023-12-29,Mary Washington,Rochester,Home,56,200,23-65,35.38461538461539,4-10,40.0,6-10,60.0,12,24,36,11,15,7,19,22,18,5,32,12,14,False
WBB,2023-12-29,NYU,UC Santa Cruz,Away,87,200,36-66,54.54545454545455,5-18,27.77777777777778,10-13,76.92307692307692,8,28,36,24,13,6,14,24,29,8,54,16,46,False
WBB,2023-12-29,Rochester,Mary Washington,Away,60,200,19-56,33.92857142857143,6-18,33.333333333333336,16-21,76.19047619047619,11,26,37,12,15,4,23,8,18,11,16,12,19,False
WBB,2023-12-29,Trine,Carnegie Mellon,Home,60,200,25-60,41.66666666666666,4-18,22.22222222222222,6-10,60.0,11,27,38,10,15,0,19,8,22,7,38,10,13,False
WBB,2023-12-29,UC Santa Cruz,NYU,Home,63,200,20-54,37.03703703703704,4-11,36.36363636363637,19-26,73.07692307692308,10,22,32,11,7,2,23,17,9,4,32,5,30,False
WBB,2023-12-29,UW-River Falls,WashU,Away,60,200,23-67,34.3283582089552,6-23,26.0869565217391,8-16,50.0,10,28,38,12,9,1,13,25,19,2,26,12,16,False
WBB,2023-12-29,WashU,UW-River Falls,Home,67,200,20-52,38.4615384615385,7-22,31.8181818181818,20-25,80.0,5,39,44,10,5,1,20,19,17,4,24,17,26,False
WBB,2023-12-30,Bowdoin,Chicago,Home,81,200,32-65,49.23076923076923,10-25,40.0,7-11,63.63636363636363,11,35,46,19,4,5,15,24,9,17,40,6,28,False
WBB,2023-12-30,Carnegie Mellon,Mount Aloysius,Away,69,200,26-67,38.80597014925373,5-26,19.23076923076923,12-17,70.58823529411765,16,26,42,15,15,8,16,13,25,15,36,13,19,False
WBB,2023-12-30,Chicago,Bowdoin,Away,67,200,21-64,32.8125,8-23,34.78260869565217,17-24,70.83333333333333,11,25,36,13,7,3,10,15,9,5,24,9,24,False
WBB,2023-12-30,Emory,Hardin-Simmons,Home,76,200,28-58,48.27586206896552,7-14,50.0,13-16,81.25,7,36,43,13,5,3,17,20,14,6,36,2,18,False
WBB,2023-12-30,Hardin-Simmons,Emory,Away,68,200,25-69,36.231884057971016,4-24,16.666666666666668,14-17,82.3529411764706,11,22,33,12,10,2,13,18,11,8,42,9,14,False
WBB,2023-12-30,Mount Aloysius,Carnegie Mellon,Home,54,200,23-63,36.507936507936506,4-21,19.047619047619047,4-7,57.142857142857146,15,28,43,12,11,3,26,18,14,12,34,2,9,False
WBB,2023-12-30,NYU,Wis.-Platteville,Home,76,200,28-60,46.66666666666666,6-13,46.15384615384615,14-22,63.63636363636363,12,31,43,14,7,10,13,20,10,13,40,6,28,False
WBB,2023-12-30,Rochester,Westfield St.,Away,83,200,30-59,50.84745762711864,10-22,45.45454545454545,13-22,59.09090909090909,15,33,48,20,14,6,42,20,13,13,34,16,27,False
WBB,2023-12-30,Wartburg,WashU,Home,46,200,14-54,25.925925925925927,4-25,16.0,14-18,77.77777777777777,13,19,32,5,7,1,16,16,13,13,20,3,11,False
WBB,2023-12-30,WashU,Wartburg,Away,72,200,29-56,51.785714285714285,6-19,31.57894736842105,8-14,57.142857142857146,12,29,41,12,10,1,14,20,20,16,44,12,22,False
WBB,2023-12-30,Westfield St.,Rochester,Home,84,200,30-80,37.5,7-30,23.33333333333333,17-24,70.83333333333333,16,13,29,15,28,0,21,18,46,17,46,20,29,False
WBB,2023-12-30,Wis.-Platteville,NYU,Away,50,200,16-59,27.11864406779661,5-22,22.727272727272727,13-20,65.0,13,27,40,8,6,2,17,17,3,6,18,3,14,False
WBB,2023-12-31,Emory,Sewanee,Home,99,200,40-70,57.142857142857146,11-24,45.833333333333336,8-14,57.142857142857146,14,26,40,20,17,9,21,18,47,18,52,23,40,False
WBB,2023-12-31,Sewanee,Emory,Away,61,200,20-54,37.03703703703704,5-19,26.31578947368421,16-21,76.19047619047619,10,19,29,11,10,1,33,13,22,6,28,0,14,False
